,gene,baseMean,log2FoldChange,lfcSE,stat,pvalue,padj
1,Xist,1.59254427807048,4.47282460400236,0.792245667413468,5.64575457838134,1.64458312067361e-08,0.000214354963948599
