,gene,baseMean,log2FoldChange,lfcSE,stat,pvalue,padj
1,Xist,6.68886240780242,7.30653559197661,0.971785858069036,7.51866836845608,5.53369504846886e-14,8.98782749772312e-10
