,gene,baseMean,log2FoldChange,lfcSE,stat,pvalue,padj
1,Xist,1.29073269423645,4.3209045767622,0.927609373975038,4.65810792558731,3.19128903408005e-06,0.0461045526753545
