,gene,baseMean,log2FoldChange,lfcSE,stat,pvalue,padj
1,Xist,2.51568580977148,5.30959522651355,0.967869578906614,5.48585815922814,4.1146696350122e-08,0.000626540745323307
