"","0","1","10","11","12","13","14","15","16","17","18","19","2","20","21","22","23","24","25","26","27","28","29","3","30","31","32","33","34","35","36","37","38","39","4","40","41","42","43","44","45","46","47","48","49","5","50","51","52","53","54","55","56","57","58","59","6","60","61","62","63","64","65","66","67","68","69","7","70","71","72","73","74","75","8","9"
"0001 CLA-EPd-CTX Car3 Glut_1",0,0,0,0,0,0,0,0,1,0,0,0,0,0,0,0,0,0,0,0,0,0,0,0,0,0,0,3,0,0,0,0,0,0,2,0,0,0,0,0,0,0,0,0,0,0,0,1,0,0,0,0,0,0,0,0,0,0,347,0,0,0,0,0,0,0,0,0,0,0,0,0,0,0,0,0
"0002 CLA-EPd-CTX Car3 Glut_2",0,0,0,0,0,0,0,0,0,0,0,0,0,0,0,0,0,0,0,0,0,0,0,0,0,0,0,0,0,0,0,0,0,0,0,0,0,0,0,0,0,0,0,0,0,0,0,0,0,0,0,0,0,0,0,0,0,0,5,0,0,0,0,0,0,0,0,0,0,0,0,0,0,0,0,0
"0003 IT EP-CLA Glut_1",0,0,0,0,0,0,0,0,0,0,0,0,0,0,0,0,0,0,0,0,0,0,0,0,0,0,0,63,0,0,0,0,0,0,0,5,0,0,0,0,0,0,0,0,0,0,0,0,0,0,0,0,0,0,0,0,0,0,0,0,0,0,0,0,0,0,0,0,0,0,0,0,0,0,0,0
"0004 IT EP-CLA Glut_2",0,0,0,0,0,0,0,0,0,0,0,0,0,0,0,0,0,0,0,0,0,0,0,0,0,0,0,4,0,0,0,0,0,0,0,0,0,0,0,0,0,0,0,0,0,0,0,0,0,0,0,0,0,0,0,0,0,0,0,0,0,0,0,0,0,0,0,0,0,0,0,0,0,0,0,0
"0005 IT EP-CLA Glut_3",0,0,0,0,0,0,0,0,0,0,0,0,0,0,0,0,0,0,0,0,0,0,1,0,0,0,0,20,0,0,0,0,0,0,0,0,0,0,0,0,0,0,0,0,0,0,0,0,0,0,0,0,0,0,0,0,0,0,0,0,0,0,0,0,0,0,0,0,0,0,0,0,0,0,0,0
"0006 IT EP-CLA Glut_4",0,0,0,0,0,0,0,0,0,0,0,0,0,0,0,0,0,0,0,0,0,0,0,0,0,0,0,2,0,0,0,0,0,0,0,1,0,0,0,0,0,0,0,0,0,0,0,0,0,0,0,0,0,0,0,0,0,0,0,0,0,0,0,0,0,0,0,0,0,0,0,0,0,0,0,0
"0007 L5/6 IT TPE-ENT Glut_1",0,0,0,0,0,0,0,0,0,0,0,0,0,0,0,0,0,0,0,0,0,0,0,0,0,0,0,4,0,0,0,0,0,0,0,0,0,0,0,0,0,0,0,0,0,0,0,0,0,0,0,0,0,0,0,0,0,0,0,0,0,0,0,0,0,0,0,0,0,0,0,0,0,0,0,0
"0008 L5/6 IT TPE-ENT Glut_2",0,0,0,0,0,0,0,0,0,0,0,0,0,0,0,0,0,0,0,0,0,0,0,0,0,0,0,5,0,0,0,0,0,0,0,0,0,0,0,0,0,0,0,0,0,0,0,0,0,0,0,0,0,0,0,0,0,0,0,0,0,0,0,0,0,0,0,0,0,0,0,0,0,0,0,0
"0009 L5/6 IT TPE-ENT Glut_3",0,0,0,0,0,0,0,0,0,0,0,0,0,0,0,0,0,0,0,0,0,0,0,0,0,0,0,4,0,0,0,0,0,0,0,0,0,0,0,0,0,0,0,0,0,0,0,0,0,0,0,0,0,0,0,0,0,0,0,0,0,0,0,0,0,0,0,0,0,0,0,0,0,0,0,0
"0010 L5/6 IT TPE-ENT Glut_4",0,0,0,0,0,0,0,0,0,0,0,0,0,0,0,0,0,0,0,0,0,0,0,0,0,0,0,1,0,0,0,0,0,0,0,0,0,0,0,0,0,0,0,0,0,0,0,0,0,0,0,0,0,0,0,0,0,0,0,0,0,0,0,0,0,0,0,0,0,0,0,0,0,0,0,0
"0012 L5/6 IT TPE-ENT Glut_6",1,0,0,0,0,0,0,0,0,0,0,0,0,0,0,0,0,0,0,0,0,0,0,0,0,0,0,0,0,0,0,0,0,0,0,0,0,0,0,0,0,0,0,0,0,0,0,0,0,0,0,0,0,0,0,0,0,0,0,0,0,0,0,0,0,0,0,0,0,0,0,0,0,0,0,0
"0013 L6 IT CTX Glut_1",0,0,0,0,0,0,0,0,1,0,0,0,0,0,0,0,0,0,0,1,0,0,0,0,0,0,0,26,0,0,0,0,0,0,0,1,0,0,0,0,0,0,0,0,0,0,0,0,0,0,0,0,0,0,0,0,0,0,0,0,0,0,0,0,0,0,0,0,0,0,0,0,0,0,0,0
"0014 L6 IT CTX Glut_2",0,0,0,0,0,0,0,1,1,0,0,0,0,0,0,0,0,0,3,0,0,0,0,0,0,0,0,122,0,0,0,0,0,0,0,2,0,0,0,0,0,0,0,0,0,0,0,0,0,0,0,0,0,0,0,0,0,0,0,0,0,0,0,0,0,0,0,0,0,0,0,0,0,0,0,0
"0015 L6 IT CTX Glut_3",0,0,0,0,0,0,0,0,0,0,0,0,0,0,0,0,0,0,0,0,0,0,0,0,0,0,0,58,0,0,0,0,0,0,1,0,0,0,0,0,0,0,0,0,0,0,0,0,0,0,0,0,0,0,0,0,0,0,0,0,0,0,0,0,0,0,0,0,0,0,0,0,0,0,0,0
"0016 L6 IT CTX Glut_4",0,0,0,0,0,0,0,0,1,0,0,0,0,0,0,0,0,0,0,0,0,0,0,0,0,0,0,16,0,0,0,0,0,0,0,1,0,0,0,0,0,0,0,0,0,0,0,0,0,0,0,0,0,0,0,0,0,0,0,0,0,0,0,0,0,0,0,0,0,0,0,0,0,0,0,0
"0017 L6 IT CTX Glut_5",0,0,0,0,0,0,0,0,0,0,0,0,0,0,0,0,0,0,0,0,0,0,0,0,0,0,0,1,0,0,0,0,0,0,0,0,0,0,0,0,0,0,0,0,0,0,0,0,0,0,0,0,0,0,0,0,0,0,0,0,0,0,0,0,0,0,0,0,0,0,0,0,0,0,0,0
"0018 L5 IT CTX Glut_1",0,0,0,0,0,0,0,0,0,0,0,0,0,0,0,0,0,0,0,0,0,0,0,0,0,0,0,6,0,0,0,0,0,0,0,0,0,0,0,0,0,0,0,0,0,0,0,0,0,0,0,0,0,0,0,0,0,0,0,0,0,0,0,0,0,0,0,0,0,0,0,0,0,0,0,0
"0019 L5 IT CTX Glut_2",0,0,0,0,0,0,0,0,0,0,0,0,0,0,0,0,0,0,0,0,0,0,0,0,0,0,0,1,0,0,0,0,0,0,0,0,0,0,0,0,0,0,0,0,0,0,0,0,0,0,0,0,0,0,0,0,0,0,0,0,0,0,0,0,0,0,0,0,0,0,0,0,0,0,0,0
"0020 L5 IT CTX Glut_3",0,0,0,0,0,0,0,0,0,0,0,0,0,0,0,0,0,0,1,0,0,0,0,0,0,0,0,25,0,0,0,0,0,0,1,0,0,0,0,0,0,0,0,0,0,0,0,0,0,0,0,0,0,0,0,0,0,0,0,0,0,0,0,0,0,0,0,0,0,0,0,0,0,0,0,0
"0021 L5 IT CTX Glut_4",0,0,0,0,0,0,0,0,0,0,0,0,0,0,0,0,0,0,0,0,0,0,0,0,0,0,0,9,0,0,0,0,0,0,0,0,0,0,0,0,0,0,0,0,0,0,0,0,0,0,0,0,0,0,0,0,0,0,0,0,0,0,0,0,0,0,0,0,0,0,0,0,0,0,0,0
"0022 L5 IT CTX Glut_5",0,0,0,0,0,0,0,0,0,0,0,0,0,0,0,0,0,0,1,0,0,0,0,0,0,0,0,4,0,0,0,0,0,0,0,0,0,0,0,0,0,0,0,0,0,0,0,0,0,0,0,0,0,0,0,0,0,0,0,0,0,0,0,0,0,0,0,0,0,0,0,0,0,0,0,0
"0023 L4/5 IT CTX Glut_1",0,0,0,0,0,0,0,0,0,0,0,0,0,0,0,0,0,0,2,0,0,0,0,0,0,0,0,63,0,0,0,0,0,0,1,0,0,0,0,0,0,0,0,0,0,0,0,0,0,0,0,0,0,0,0,0,0,0,0,0,0,0,0,0,0,0,0,0,0,0,0,0,0,0,0,0
"0024 L4/5 IT CTX Glut_2",0,0,0,0,0,0,0,0,0,0,0,0,0,0,0,0,0,0,1,0,0,0,0,0,0,0,0,28,0,0,0,0,0,0,1,0,0,0,0,0,0,0,0,0,0,0,0,0,0,0,0,0,0,0,0,0,0,0,0,0,0,0,0,0,0,0,0,0,0,0,0,0,0,0,0,0
"0025 L4/5 IT CTX Glut_3",0,0,0,0,0,0,0,0,0,0,0,0,0,0,0,0,0,0,0,0,0,0,0,0,0,0,0,17,0,0,0,0,0,0,0,0,0,0,0,0,0,0,0,0,0,0,0,0,0,0,0,0,0,0,0,0,0,0,0,0,0,0,0,0,0,0,0,0,0,0,0,0,0,0,0,0
"0026 L4/5 IT CTX Glut_4",0,0,0,0,0,0,0,0,0,0,0,0,0,0,0,0,0,1,1,0,0,0,0,0,0,0,0,10,0,0,0,0,0,0,0,0,0,0,0,0,0,0,0,0,0,0,0,0,0,0,0,0,0,0,0,0,0,0,0,0,0,0,0,0,0,0,0,0,0,0,0,0,0,0,0,0
"0027 L4/5 IT CTX Glut_5",0,0,0,0,0,0,0,0,1,0,0,0,0,0,0,0,0,0,1,0,0,0,0,0,0,0,0,67,0,0,0,0,0,0,2,0,0,0,0,0,0,0,0,0,0,0,0,0,0,0,0,0,0,0,0,0,0,0,0,0,0,0,0,0,0,0,0,0,0,0,0,0,0,0,0,0
"0029 L2/3 IT CTX Glut_1",0,0,0,0,0,0,0,0,0,0,0,0,0,0,0,0,0,0,0,0,0,0,0,0,0,0,0,2,0,0,0,0,0,0,0,0,0,0,0,0,0,0,0,0,0,0,0,0,0,0,0,0,0,0,0,0,0,0,0,0,0,0,0,0,0,0,0,0,0,0,0,0,0,0,0,0
"0030 L2/3 IT CTX Glut_2",0,0,0,0,0,0,0,0,0,0,0,0,0,0,0,0,0,1,2,0,0,0,0,0,0,0,0,40,0,0,0,0,0,0,0,0,0,0,0,0,1,0,0,0,0,0,0,0,0,0,0,0,0,0,0,0,0,0,0,0,0,0,0,0,0,0,0,0,0,0,0,0,0,0,0,0
"0031 L2/3 IT CTX Glut_3",0,0,0,0,0,0,0,0,0,0,0,0,0,0,0,0,0,0,0,0,0,0,0,0,0,0,0,1,0,0,0,0,0,0,0,0,0,0,0,0,0,0,0,0,0,0,0,0,0,0,0,0,0,0,0,0,0,0,0,0,0,0,0,0,0,0,0,0,0,0,0,0,0,0,0,0
"0032 L2/3 IT CTX Glut_4",0,0,0,0,0,0,0,0,0,0,0,0,0,0,0,0,0,1,0,0,0,0,0,0,0,0,0,2,0,0,0,0,0,0,0,0,0,0,0,0,0,0,0,0,0,0,0,0,0,0,0,0,0,0,0,0,0,0,0,0,0,0,0,0,0,0,0,0,0,0,0,0,0,0,0,0
"0039 L2/3 IT PIR-ENTl Glut_1",1,0,0,0,0,0,0,0,1,0,0,0,0,0,0,0,0,1,2,0,0,0,0,0,0,0,0,83,0,0,0,0,0,0,1,0,0,0,0,0,0,0,0,0,0,0,0,0,0,0,0,0,0,0,0,0,0,0,0,0,0,0,0,0,0,0,0,0,0,0,0,0,0,0,0,0
"0040 L2/3 IT PIR-ENTl Glut_2",0,0,0,0,0,0,0,0,2,0,0,0,0,0,0,0,0,1,5,0,0,0,0,0,0,0,0,125,0,0,0,0,0,0,0,0,0,0,0,0,0,0,0,0,0,0,0,0,1,0,0,0,0,0,0,0,0,0,0,0,0,0,0,0,0,1,0,0,0,0,0,0,0,0,0,0
"0041 L2/3 IT PIR-ENTl Glut_3",0,0,0,0,0,0,0,0,0,0,0,0,0,0,0,0,0,0,0,0,0,0,0,0,0,0,0,24,0,0,0,0,0,0,0,0,0,0,0,0,0,0,0,0,0,0,0,0,0,0,0,0,0,0,0,0,0,0,0,0,0,0,0,0,0,0,0,0,0,0,0,0,0,0,0,0
"0042 L2/3 IT PIR-ENTl Glut_4",0,0,0,0,0,1,0,0,0,0,0,0,0,0,0,0,0,2,2,1,0,0,0,0,0,0,0,48,0,0,0,0,0,0,2,0,0,0,0,0,1,0,0,0,0,0,0,0,0,0,0,0,0,0,0,0,0,0,0,0,0,0,0,0,0,0,0,0,0,0,0,0,0,0,0,0
"0044 L2/3 IT PIR-ENTl Glut_6",0,0,0,0,0,0,0,0,0,0,0,0,0,0,0,0,0,0,0,0,0,0,0,0,0,0,0,1,0,0,0,0,0,0,0,0,0,0,0,0,0,0,0,0,0,0,0,0,0,0,0,0,0,0,0,0,0,0,0,0,0,0,0,0,0,0,0,0,0,0,0,0,0,0,0,0
"0045 L2/3 IT PIR-ENTl Glut_7",2,0,0,0,0,1,0,0,3,0,0,0,0,0,2,0,0,3,3,0,0,0,0,0,0,1,0,104,0,1,0,0,0,0,1,0,0,2,0,0,1,0,0,0,0,0,0,0,0,0,0,0,0,0,0,0,0,0,0,0,0,0,0,0,0,1,0,0,0,0,0,0,0,0,0,0
"0046 IT AON-TT-DP Glut_1",1,0,0,0,0,0,0,0,2,0,0,0,0,0,0,0,0,0,0,0,0,0,0,0,0,1,0,6,0,0,0,0,0,0,0,0,0,0,0,0,0,0,0,0,0,0,0,0,0,0,0,0,0,0,0,0,0,0,0,0,0,0,0,0,0,0,0,0,0,0,0,0,0,0,0,0
"0050 IT AON-TT-DP Glut_5",0,0,0,0,0,0,0,0,0,0,0,0,0,0,0,0,0,0,0,0,0,0,0,0,0,0,0,3,0,0,0,0,0,0,0,0,0,0,0,0,0,0,0,0,0,0,0,0,0,0,0,0,0,0,0,0,0,0,0,0,0,0,0,0,0,0,0,0,0,0,0,0,0,0,0,0
"0055 MEA Slc17a7 Glut_1",0,0,0,0,0,0,0,0,0,0,0,0,0,0,1,0,0,5,2,0,0,0,520,0,0,0,0,0,0,0,0,0,0,0,1,0,0,0,0,0,0,0,0,0,0,0,0,0,0,0,0,0,0,0,0,0,0,0,0,0,0,0,0,0,0,0,0,0,0,0,0,0,0,0,0,0
"0056 MEA Slc17a7 Glut_2",47,2,6,1,7,4,0,1,33,0,1,1,3,0,6,1,0,27,22,0,0,2,87,10,0,235,1,143,1,1,0,0,0,0,81,7,2,7,0,0,5,0,0,0,0,2,0,3,0,0,0,1,0,0,0,1,7,0,1,0,0,0,4,0,0,1,1,5,0,0,0,0,0,0,0,0
"0057 MEA Slc17a7 Glut_3",0,0,0,0,0,1,0,0,0,0,0,0,0,0,0,0,0,2,1,0,0,0,160,0,0,0,0,1,0,0,0,0,0,0,2,0,0,0,0,0,0,0,0,0,0,0,0,0,0,0,0,0,0,0,0,0,0,0,0,0,0,0,0,0,0,0,0,0,0,0,0,0,0,0,0,0
"0059 COAp Grxcr2 Glut_2",0,0,0,0,0,0,0,0,0,0,0,0,0,0,0,0,0,0,0,0,0,0,10,0,0,0,0,0,0,0,0,0,0,0,0,0,0,0,0,0,0,0,0,0,0,0,0,0,0,0,0,0,0,0,0,0,0,0,0,0,0,0,0,0,0,0,0,0,0,0,0,0,0,0,0,0
"0060 LA-BLA-BMA-PA Glut_1",0,0,0,0,0,0,0,0,0,0,0,0,0,0,0,0,0,0,0,0,0,0,34,0,0,0,0,1,0,0,0,0,0,0,0,0,0,0,0,0,0,0,0,0,0,0,0,0,0,0,0,0,0,0,0,0,0,0,0,0,0,0,0,0,0,0,0,0,0,0,0,0,0,0,0,0
"0061 LA-BLA-BMA-PA Glut_2",1,0,0,0,0,0,0,0,0,0,0,0,0,0,1,0,0,0,0,0,0,0,0,0,0,0,0,3,0,0,0,0,0,0,0,0,0,0,0,0,0,0,0,0,0,0,0,0,0,0,0,0,0,0,0,0,0,0,0,0,0,0,0,0,0,0,0,0,0,0,0,0,0,0,0,0
"0062 LA-BLA-BMA-PA Glut_3",1,0,0,0,0,0,0,0,1,0,0,0,0,0,0,0,0,1,3,0,0,0,0,0,0,2,0,108,0,0,0,0,0,0,5,0,0,0,0,0,0,0,0,0,0,0,0,0,0,0,0,0,0,0,0,0,0,0,0,0,0,0,0,0,0,0,0,0,0,0,0,0,0,0,0,0
"0063 LA-BLA-BMA-PA Glut_4",1,0,0,0,0,0,0,0,0,0,0,0,0,0,0,0,0,0,2,0,0,0,3,0,0,1,0,38,0,0,0,0,0,0,0,0,0,0,0,0,0,0,0,0,0,0,0,0,0,0,0,0,0,0,0,0,0,0,0,0,0,0,0,0,0,0,0,0,0,0,0,0,0,0,0,0
"0064 LA-BLA-BMA-PA Glut_5",0,0,0,0,0,0,0,0,0,0,0,0,0,0,0,0,0,0,0,0,0,0,0,0,0,0,0,72,0,0,0,0,0,0,0,0,0,0,0,0,0,0,0,0,0,0,0,0,0,0,0,0,0,0,0,0,0,0,0,0,0,0,0,0,0,0,0,0,0,0,0,0,0,0,0,0
"0065 LA-BLA-BMA-PA Glut_6",0,0,0,0,0,0,0,0,0,0,0,0,0,0,0,0,0,0,1,0,0,0,2,0,0,0,0,30,0,0,0,0,0,0,0,0,0,0,0,0,0,0,0,0,0,0,0,0,0,0,0,0,0,0,0,0,0,0,0,0,0,0,0,0,0,0,0,0,0,0,0,0,0,0,0,0
"0066 ENTmv-PA-COAp Glut_1",0,0,0,0,0,0,0,0,0,0,0,0,0,0,0,0,0,0,0,0,0,0,3,0,0,0,0,2,0,0,0,0,0,0,0,0,0,0,0,0,0,0,0,0,0,0,0,0,0,0,0,0,0,0,0,0,0,0,0,0,0,0,0,0,0,0,0,0,0,0,0,0,0,0,0,0
"0068 ENTmv-PA-COAp Glut_3",0,0,0,0,0,0,0,0,0,0,0,0,0,0,0,0,0,1,0,0,0,0,0,0,0,0,0,0,0,0,0,0,0,0,0,0,0,0,0,0,0,0,0,0,0,0,0,0,0,0,0,0,0,0,0,0,0,0,0,0,0,0,0,0,0,0,0,0,0,0,0,0,0,0,0,0
"0069 CA1-ProS Glut_1",0,0,0,0,0,0,0,0,0,0,0,0,0,0,0,0,0,0,1,0,0,0,86,0,0,0,0,0,0,0,0,0,0,0,0,0,0,0,0,0,0,0,0,0,0,0,0,0,0,0,0,0,0,0,0,0,0,0,0,0,1,0,0,0,0,0,0,0,0,0,0,0,0,0,0,0
"0070 CA1-ProS Glut_2",0,0,0,0,0,0,0,0,0,0,0,0,0,0,0,0,0,1,0,0,0,0,6,0,0,0,0,0,0,0,0,0,0,0,0,0,0,0,0,0,0,0,0,0,0,0,0,0,0,0,0,0,0,0,0,0,0,0,0,0,0,0,0,0,0,0,0,0,0,0,0,0,0,0,0,0
"0071 CA1-ProS Glut_3",0,0,0,0,0,0,0,0,0,0,0,0,0,0,0,0,0,0,0,0,0,0,1,0,0,0,0,0,0,0,0,0,0,0,0,0,0,0,0,0,0,0,0,0,0,0,0,0,0,0,0,0,0,0,0,0,0,0,0,0,0,0,0,0,0,0,0,0,0,0,0,0,0,0,0,0
"0072 CA1-ProS Glut_4",0,0,0,0,0,0,0,0,0,0,0,0,0,0,0,0,0,0,0,0,0,0,8,0,0,0,0,0,0,0,0,0,0,0,0,0,0,0,0,0,0,0,0,0,0,0,0,0,0,0,0,0,0,0,0,0,0,0,0,0,0,0,0,0,0,0,0,0,0,0,0,0,0,0,0,0
"0073 CA1-ProS Glut_5",0,0,0,0,0,0,0,0,0,0,0,0,0,0,0,0,0,1,0,0,0,0,8,0,0,1,0,0,0,0,0,0,0,0,0,0,0,0,0,0,0,0,0,0,0,0,0,0,0,0,0,0,0,0,0,0,0,0,0,0,0,0,0,0,0,0,0,0,0,0,0,0,0,0,0,0
"0075 CA3 Glut_1",0,0,0,0,0,0,0,0,0,0,0,0,0,0,0,0,0,0,0,0,0,0,98,0,0,0,0,0,0,0,0,0,0,0,1,0,0,0,0,0,0,0,0,0,0,0,0,0,0,0,0,0,0,0,0,0,0,0,0,0,0,0,0,1,0,0,0,0,0,0,0,0,0,0,0,0
"0076 CA3 Glut_2",0,0,0,0,0,0,0,0,0,0,0,0,0,0,0,0,0,2,2,0,0,0,207,0,0,0,0,0,0,0,0,0,0,0,3,0,0,0,0,0,0,0,0,0,0,0,0,0,0,0,0,0,0,0,0,0,0,0,0,0,0,0,0,0,0,0,0,0,0,0,0,0,0,0,0,0
"0077 CA3 Glut_3",0,0,0,0,0,0,0,0,0,0,0,0,0,0,0,0,0,0,0,0,0,0,179,0,0,0,0,0,0,0,0,0,0,0,0,0,0,0,0,0,1,0,0,0,0,0,0,0,0,0,0,0,0,0,0,0,0,0,0,0,0,0,0,0,0,0,0,0,0,0,0,0,0,0,0,0
"0078 CA3 Glut_4",0,0,0,0,0,0,0,0,0,0,0,0,0,0,0,0,0,0,0,0,0,0,99,0,0,0,0,0,0,0,0,0,0,0,1,0,0,0,0,0,0,0,0,0,0,0,0,0,0,0,0,0,0,0,0,0,0,0,0,0,0,0,0,0,0,0,0,0,0,0,0,0,0,0,0,0
"0079 CA3 Glut_5",1,0,0,0,0,0,0,0,0,0,0,0,0,0,0,0,0,0,0,0,0,0,25,0,0,0,0,0,0,0,0,0,0,0,0,0,0,0,0,0,0,0,0,0,0,0,0,0,0,0,0,0,0,0,0,0,0,0,0,0,0,0,0,0,0,0,0,0,0,0,0,0,0,0,0,0
"0082 L2 IT PPP-APr Glut_3",0,0,0,0,0,0,0,0,0,0,0,0,0,0,1,0,0,0,0,0,0,0,0,0,0,0,0,0,0,0,0,0,0,0,0,0,0,0,0,0,0,0,0,0,0,0,0,0,0,0,0,0,0,0,0,0,0,0,0,0,0,0,0,0,0,0,0,0,0,0,0,0,0,0,0,0
"0087 L2/3 IT RSP Glut_1",0,0,0,0,0,0,0,0,0,0,0,0,0,0,0,0,0,0,0,0,0,0,0,0,0,0,0,1,0,0,0,0,0,0,0,0,0,0,0,0,0,0,0,0,0,0,0,0,0,0,0,0,0,0,0,0,0,0,0,0,0,0,0,0,0,0,0,0,0,0,0,0,0,0,0,0
"0088 L2/3 IT RSP Glut_2",0,0,0,0,0,0,0,0,0,0,0,0,0,0,0,0,0,0,0,0,0,0,0,0,0,0,0,0,0,0,0,0,0,0,0,0,0,0,0,0,0,0,0,0,0,0,0,0,0,0,0,0,0,0,0,0,0,0,0,0,0,0,0,0,0,1,0,0,0,0,0,0,0,0,0,0
"0089 L4 RSP-ACA Glut_1",0,0,0,0,0,0,0,0,0,0,0,0,0,0,0,0,0,0,0,0,0,0,0,0,0,0,0,2,0,0,0,0,0,0,0,0,0,0,0,0,0,0,0,0,0,0,0,0,0,0,0,0,0,0,0,0,0,0,0,0,0,0,0,0,0,0,0,0,0,0,0,0,0,0,0,0
"0090 L5 ET CTX Glut_1",0,0,0,0,0,0,0,0,0,0,0,0,1,0,0,0,0,0,0,0,0,0,0,0,0,0,0,20,0,0,0,0,0,0,1,0,0,0,0,0,0,0,0,0,0,0,0,0,0,0,0,0,0,0,0,0,0,0,0,0,0,0,0,0,0,0,0,0,0,0,0,0,0,0,0,0
"0091 L5 ET CTX Glut_2",0,0,0,0,0,0,0,0,0,0,0,0,0,0,0,0,0,0,0,0,0,0,0,0,0,0,0,15,0,0,0,0,0,0,0,0,0,0,0,0,0,0,0,0,0,0,0,0,0,0,0,0,0,0,0,0,0,0,0,0,0,0,0,0,0,0,0,0,0,0,0,0,0,0,0,0
"0092 L5 ET CTX Glut_3",0,0,0,0,0,0,0,0,0,0,0,0,0,0,0,0,0,0,0,0,0,0,0,0,0,0,0,12,0,0,0,0,0,0,0,1,0,0,0,0,0,0,0,0,0,0,0,0,0,0,0,0,0,0,0,0,0,0,0,0,0,0,0,0,0,0,0,0,0,0,0,0,0,0,0,0
"0093 L5 ET CTX Glut_4",0,0,0,0,0,0,0,0,0,0,0,0,0,0,0,0,0,0,0,0,0,0,0,0,0,0,0,2,0,0,0,0,0,0,0,0,0,0,0,0,0,0,0,0,0,0,0,0,0,0,0,0,0,0,0,0,0,0,0,0,0,0,0,0,0,0,0,0,0,0,0,0,0,0,0,0
"0094 L5 ET CTX Glut_5",0,0,0,0,0,0,0,0,0,0,0,0,0,0,0,0,0,0,0,0,0,0,0,0,0,0,0,10,0,0,0,0,0,0,0,0,0,0,0,0,0,0,0,0,0,0,0,0,0,0,0,0,0,0,0,0,0,0,0,0,0,0,0,0,0,0,0,0,0,0,0,0,0,0,0,0
"0095 L5 ET CTX Glut_6",0,0,0,0,0,0,0,0,0,0,0,0,0,0,0,0,0,0,0,0,0,0,0,0,0,0,0,0,0,0,0,0,0,0,0,1,0,0,0,0,0,0,0,0,0,0,0,0,0,0,0,0,0,0,0,0,0,0,0,0,0,0,0,0,0,0,0,0,0,0,0,0,0,0,0,0
"0100 CA2-FC-IG Glut_1",0,0,0,0,0,0,0,0,0,0,0,0,0,0,0,0,0,0,0,0,0,0,21,0,0,0,0,0,0,0,0,0,0,0,1,0,0,0,0,0,0,0,0,0,0,0,0,0,0,0,0,0,0,0,0,0,0,0,0,0,0,0,0,0,0,0,0,0,0,0,0,0,0,0,0,0
"0102 NLOT Rho Glut_1",0,0,0,0,0,0,0,0,0,0,0,0,0,0,0,0,0,3,0,0,0,0,0,0,0,0,0,4,0,1,0,0,0,0,3,0,0,0,0,0,0,0,0,0,0,0,0,0,0,0,0,0,0,0,0,0,0,0,0,0,0,0,262,0,0,0,0,0,0,0,0,0,0,0,0,0
"0103 L6b EPd Glut_1",0,0,0,0,0,0,0,0,0,0,0,0,0,0,0,0,0,0,0,0,0,0,0,0,0,0,0,0,0,0,0,0,0,0,0,4,0,0,0,0,0,0,0,0,0,0,0,0,0,0,0,0,0,0,0,0,0,0,0,0,0,0,0,0,0,0,0,0,0,0,0,0,0,0,0,0
"0104 L6b EPd Glut_2",0,0,0,0,0,0,0,0,0,0,0,0,0,0,0,0,0,0,0,0,0,0,0,0,0,0,0,0,0,0,0,0,0,0,0,14,0,0,0,0,0,0,0,0,0,0,0,0,0,0,0,0,0,0,0,0,0,0,0,0,0,0,0,0,0,0,0,0,0,0,0,0,0,0,0,0
"0105 L6b EPd Glut_3",0,0,0,0,0,0,0,0,0,0,0,0,0,0,0,0,0,0,2,0,0,0,0,0,0,0,0,0,0,0,0,0,0,0,0,45,0,0,0,0,0,0,0,0,0,0,0,0,0,0,0,0,0,0,0,0,0,0,0,0,0,0,0,0,0,0,0,0,0,0,0,0,0,0,0,0
"0107 L6b/CT ENT Glut_2",0,0,0,0,0,0,0,0,0,0,0,0,0,0,0,0,0,0,0,0,0,0,0,0,0,0,0,0,0,0,0,0,0,0,0,4,0,0,0,0,0,0,0,0,0,0,0,0,0,0,0,0,0,0,0,0,0,0,0,0,0,0,0,0,0,0,0,0,0,0,0,0,0,0,0,0
"0110 L6b CTX Glut_1",0,0,0,0,0,0,0,0,0,0,0,0,0,0,0,0,0,0,1,0,0,0,0,0,0,0,0,0,0,0,0,0,0,0,0,75,0,0,0,0,0,0,0,0,0,0,0,0,0,0,0,0,0,0,0,0,0,0,0,0,0,0,0,0,0,0,0,0,0,0,0,0,0,0,0,0
"0111 L6b CTX Glut_2",0,0,0,0,0,0,0,0,0,0,0,0,0,0,0,0,0,0,1,0,0,0,0,0,0,0,0,0,0,0,0,0,0,0,1,110,0,0,0,0,0,0,0,0,0,0,0,0,0,0,0,0,0,0,0,0,0,0,0,0,0,0,0,0,0,0,0,0,0,0,0,0,0,0,0,0
"0112 L6b CTX Glut_3",0,0,0,0,0,0,0,0,0,0,0,0,0,0,0,0,0,0,0,0,0,0,0,1,0,0,0,0,0,0,0,0,0,0,0,42,0,0,0,0,1,0,0,0,0,0,0,0,0,0,0,0,0,0,0,0,0,0,0,0,0,0,0,0,0,0,0,0,0,0,0,0,0,0,0,0
"0113 L6b CTX Glut_4",0,0,0,0,0,0,0,0,0,0,0,0,0,0,0,0,0,0,0,0,0,0,0,0,0,0,0,0,0,0,0,0,0,0,0,5,0,0,0,0,0,0,0,0,0,0,0,0,0,0,0,0,0,0,0,0,0,0,0,0,0,0,0,0,0,0,0,0,0,0,0,0,0,0,0,0
"0114 L6 CT CTX Glut_1",0,0,0,0,0,0,0,0,0,0,0,0,0,0,0,0,0,0,0,0,0,0,0,0,0,0,0,0,0,0,0,0,0,0,0,80,0,0,0,0,0,0,0,0,0,0,0,0,0,0,0,0,0,0,0,0,0,0,0,0,0,0,0,0,0,0,0,0,0,0,0,0,0,0,0,0
"0115 L6 CT CTX Glut_2",3,0,2,0,0,1,0,1,6,0,0,0,2,1,3,1,0,3,10,0,0,0,4,1,0,2,0,9,0,0,0,0,0,0,10,522,0,1,0,0,0,0,0,1,1,0,0,2,0,0,0,0,0,0,0,0,1,0,0,0,0,0,0,0,0,0,0,0,0,0,0,0,0,0,0,0
"0116 L6 CT CTX Glut_3",0,0,0,0,0,0,0,0,0,0,0,0,0,0,0,0,0,0,0,0,0,0,0,0,0,0,0,0,0,0,0,0,0,0,0,3,0,0,0,0,0,0,0,0,0,0,0,0,0,0,0,0,0,0,0,0,0,0,0,0,0,0,0,0,0,0,0,0,0,0,0,0,0,0,0,0
"0118 L6 CT CTX Glut_5",0,0,0,0,0,0,0,0,0,0,0,0,0,0,0,0,0,0,2,0,0,0,0,0,0,0,0,0,0,0,0,0,0,0,0,174,0,0,0,0,0,0,0,0,0,0,0,0,0,0,0,0,0,0,0,0,0,0,0,0,0,0,0,0,0,0,0,0,0,0,0,0,0,0,0,0
"0119 L6 CT CTX Glut_6",0,0,0,0,0,0,0,0,0,0,0,0,0,0,0,0,0,0,0,0,0,0,0,0,0,0,0,0,0,0,0,0,0,0,0,9,0,0,0,0,0,0,0,0,0,0,0,0,0,0,0,0,0,0,0,0,0,0,0,0,0,0,0,0,0,0,0,0,0,0,0,0,0,0,0,0
"0121 CT SUB Glut_2",1,0,1,0,0,0,0,0,0,0,0,0,0,0,0,0,0,0,0,0,0,0,0,0,0,0,0,0,0,0,0,0,0,0,0,1,0,0,0,0,0,0,0,0,0,0,0,0,0,0,0,0,0,0,0,0,0,0,0,0,0,0,0,0,0,0,0,0,0,0,0,0,0,0,0,0
"0123 L5 NP CTX Glut_2",2,0,0,1,0,0,1,0,0,0,0,0,0,0,0,0,0,1,0,0,0,0,0,0,0,0,0,0,0,0,0,0,0,0,3,16,0,0,0,0,0,0,0,0,0,0,0,0,0,0,0,0,0,0,0,0,0,0,0,0,0,0,0,0,0,0,0,0,0,0,0,0,0,0,0,1
"0124 L5 NP CTX Glut_3",2,0,0,0,0,0,0,0,0,0,0,0,0,0,0,0,0,0,1,0,0,0,0,0,0,0,1,0,0,0,0,0,0,0,0,16,1,0,0,0,0,0,0,0,0,0,0,0,0,0,0,0,0,0,0,0,0,0,0,0,0,0,0,0,0,0,0,0,0,0,0,0,0,0,0,0
"0125 L5 NP CTX Glut_4",0,0,1,1,0,0,0,0,0,0,0,0,0,0,0,0,0,0,0,0,0,1,0,1,0,3,0,0,0,0,0,0,0,0,0,10,0,0,0,0,0,0,0,0,0,1,0,0,0,0,0,0,0,0,0,0,0,0,0,0,1,0,0,0,0,0,0,0,0,0,0,0,0,0,0,0
"0128 NP SUB Glut_2",0,0,0,0,0,0,0,0,0,0,0,0,0,0,0,0,0,0,0,0,0,0,0,0,0,0,0,0,0,0,0,0,0,0,0,0,0,0,0,0,0,0,0,0,0,0,0,0,0,0,0,1,0,0,0,0,0,0,0,0,0,0,0,0,0,0,0,0,0,0,0,0,0,0,0,0
"0130 OB Eomes Ms4a15 Glut_1",0,0,1,0,0,1,0,0,0,0,1,0,0,0,0,0,0,0,0,0,0,0,0,1,0,0,0,0,0,0,0,0,0,0,2,0,0,0,0,0,0,1,0,0,0,0,0,0,0,0,0,0,0,0,0,0,1,0,0,0,0,0,0,0,0,0,0,0,0,0,0,0,0,0,0,0
"0131 OB Eomes Ms4a15 Glut_2",2,0,0,0,0,1,0,0,0,0,0,0,0,0,0,0,0,0,0,0,0,0,0,0,0,0,0,0,0,0,0,0,0,0,0,0,0,0,0,0,0,0,0,0,0,0,0,0,0,0,0,0,0,0,0,1,0,0,0,0,0,0,0,0,0,0,0,0,0,0,0,0,0,0,0,0
"0132 OB Eomes Ms4a15 Glut_3",0,0,0,0,0,0,3,0,0,0,0,0,0,0,0,0,0,0,0,0,0,1,0,0,0,0,0,0,0,0,0,0,1,0,0,0,0,0,0,0,0,0,0,0,0,0,0,0,0,1,0,0,0,0,0,0,0,0,0,0,0,0,0,0,0,0,0,0,0,0,0,0,0,0,0,0
"0134 OB Eomes Ms4a15 Glut_5",0,0,0,0,0,1,0,0,0,0,0,0,0,0,0,0,0,0,0,0,0,0,0,0,0,0,0,0,0,0,0,0,0,0,0,0,0,0,0,0,0,0,0,0,0,0,0,0,0,0,0,0,0,0,0,0,0,0,0,0,0,0,0,0,0,0,0,0,0,0,0,0,0,0,0,0
"0135 HPF CR Glut_1",5,0,0,0,0,0,10,0,0,0,0,0,0,0,1,0,0,0,1,0,0,0,0,0,0,0,0,0,0,0,0,0,0,0,0,0,0,0,0,0,0,0,0,0,0,0,1,0,0,0,0,0,0,0,0,0,0,0,0,0,0,0,0,0,0,0,0,0,0,0,0,0,0,0,0,0
"0136 DG Glut_1",0,0,0,0,0,0,0,0,4,0,0,0,1,0,0,0,0,5,2,0,0,0,171,0,0,0,0,0,0,0,0,0,0,0,2,0,0,0,0,0,1,0,0,0,0,1,0,0,0,0,1,0,0,0,0,0,0,0,0,0,0,0,0,1,0,0,0,0,0,0,0,0,0,0,0,0
"0137 DG Glut_2",1,0,0,0,0,1,0,0,4,0,0,0,0,0,0,0,0,1,2,0,0,0,10,0,0,0,0,0,0,0,0,0,0,0,1,0,0,0,0,0,0,0,0,0,0,0,0,0,0,0,0,0,0,0,0,0,0,0,0,0,0,0,0,0,0,0,0,0,0,0,0,0,0,0,0,0
"0142 DG-PIR Ex IMN_3",1,0,0,1,0,0,0,0,0,0,0,0,0,0,0,0,0,0,0,0,0,0,0,2,0,0,0,1,0,0,0,0,0,0,1,0,0,0,0,0,0,0,0,0,0,0,0,0,0,0,0,0,0,0,0,0,0,0,0,0,0,0,0,0,0,0,0,0,0,0,0,0,0,0,0,0
"0143 OB Meis2 Thsd7b Gaba_1",4,0,0,0,0,0,0,0,3,0,0,0,0,0,18,0,0,1,0,0,0,0,0,0,0,0,0,0,0,0,0,0,0,0,1,0,0,0,0,0,0,0,0,0,1,1,0,0,0,0,0,0,0,0,0,0,0,0,0,0,0,0,0,0,0,4,0,0,0,0,0,0,0,0,0,0
"0144 OB Meis2 Thsd7b Gaba_2",2,0,0,0,0,0,0,0,0,0,0,0,0,0,0,0,0,1,0,0,0,0,0,3,0,0,0,0,0,0,0,0,0,0,0,0,0,0,0,0,0,0,0,0,1,4,0,0,0,0,0,0,0,0,0,0,1,0,0,0,0,0,0,0,0,0,0,0,0,0,0,0,0,0,0,0
"0147 OB Meis2 Thsd7b Gaba_5",3,0,1,0,0,1,0,1,2,0,0,0,1,1,15,0,0,0,3,0,0,2,0,2,0,0,0,0,0,1,0,0,0,0,2,0,0,0,0,0,0,0,0,0,1,3,0,0,0,0,1,0,0,0,0,0,0,0,0,0,0,0,0,0,0,5,0,0,0,0,0,1,0,0,0,0
"0149 OB Trdn Gaba_2",1,0,1,0,0,0,0,0,0,0,0,0,0,0,0,1,0,0,0,0,0,0,0,2,0,0,0,0,0,0,0,0,0,0,0,0,0,0,0,0,0,0,0,0,0,0,0,0,0,0,0,0,0,0,0,0,0,0,0,0,0,0,0,0,0,0,0,0,0,0,0,0,0,0,0,0
"0150 OB-in Frmd7 Gaba_1",0,0,0,0,0,0,0,0,0,0,0,0,0,0,0,0,0,0,0,0,0,0,0,0,0,0,0,0,0,0,0,0,0,0,0,0,0,0,0,0,0,0,0,0,0,0,0,0,0,0,1,0,0,0,0,0,0,0,0,0,0,0,0,0,0,0,0,0,0,0,0,0,0,0,0,0
"0151 OB-in Frmd7 Gaba_2",1,0,0,0,0,2,0,0,5,0,0,0,0,0,5,0,0,0,2,0,0,0,0,1,0,0,0,1,0,0,0,0,0,0,0,0,0,0,0,0,0,0,0,0,0,0,0,0,0,0,2,0,0,0,0,0,0,0,0,0,0,0,0,0,0,0,0,0,0,0,0,0,0,0,0,0
"0152 OB-in Frmd7 Gaba_3",1,0,0,0,0,0,0,0,0,0,0,0,0,1,1,1,0,0,0,0,0,0,0,0,0,0,1,0,0,0,0,0,0,0,0,0,0,0,0,0,0,0,0,0,0,0,0,0,0,0,0,0,0,0,0,0,1,0,0,0,0,0,0,0,0,0,0,0,0,0,0,0,0,0,0,0
"0154 OB-in Frmd7 Gaba_5",4,0,6,0,0,4,0,0,1,0,1,0,0,0,7,0,0,3,3,0,0,0,1,6,0,1,0,0,0,0,0,0,0,0,1,0,0,0,0,0,1,1,0,0,0,2,0,0,0,0,1,0,0,0,0,0,0,0,0,0,1,0,0,0,0,6,0,0,0,0,0,0,0,0,0,1
"0155 OB-in Frmd7 Gaba_6",0,0,0,0,0,0,0,0,0,0,0,0,0,0,0,0,0,0,0,0,0,0,0,1,0,0,0,0,0,0,0,0,0,0,0,0,0,0,0,0,0,0,0,0,0,0,0,0,0,0,0,0,0,0,0,0,0,0,0,0,0,0,0,0,0,0,0,0,0,0,0,0,0,0,0,0
"0156 OB-in Frmd7 Gaba_7",0,0,0,0,0,0,0,0,0,0,0,0,0,0,1,1,0,0,0,0,0,0,0,0,0,0,0,0,0,0,0,0,0,0,0,0,0,0,0,0,0,0,0,0,0,0,0,0,0,0,0,0,0,0,0,0,0,0,0,0,0,0,0,0,0,0,0,0,0,0,0,0,0,0,0,0
"0158 OB-out Frmd7 Gaba_1",2,0,0,0,0,0,0,0,0,0,0,0,1,0,0,1,0,0,1,0,0,0,0,0,0,0,0,0,0,0,0,0,0,0,0,0,0,0,0,0,0,0,0,0,0,0,0,0,0,0,0,0,0,0,0,0,0,0,0,0,0,0,0,0,0,0,0,0,0,0,0,0,0,0,0,0
"0162 OB Dopa-Gaba_1",0,0,0,0,0,0,0,0,0,0,0,0,0,0,0,0,0,0,0,0,0,0,0,2,0,0,0,0,0,0,0,0,0,0,0,0,0,0,0,0,0,0,0,0,0,0,0,0,0,0,0,0,0,0,0,0,0,0,0,0,0,0,0,0,0,0,0,0,0,0,0,0,2,0,0,0
"0163 OB Dopa-Gaba_2",12,0,1,0,1,1,1,0,0,0,0,0,1,0,0,1,0,1,2,1,0,4,0,10,0,0,0,0,0,0,1,0,0,0,5,0,1,0,0,0,0,0,0,0,0,0,0,0,0,0,0,0,0,0,0,1,0,0,0,0,1,0,0,0,1,0,0,1,0,0,0,0,1,0,0,0
"0164 OB Dopa-Gaba_3",0,0,0,0,0,0,0,0,0,0,0,0,0,0,0,0,0,0,0,0,0,0,0,0,0,0,0,0,0,0,0,0,0,0,0,0,0,0,0,0,0,0,0,0,0,0,0,0,0,0,0,0,0,0,0,0,0,0,0,0,0,0,0,0,0,0,0,0,0,0,0,0,1,0,0,0
"0166 OB-STR-CTX Inh IMN_1",0,0,0,0,0,0,0,0,0,0,0,0,0,0,0,0,0,0,0,0,0,0,0,2,0,0,0,0,0,0,0,0,0,0,0,0,0,0,0,0,0,0,0,0,0,0,0,0,0,0,0,0,0,0,0,0,0,0,0,0,0,0,0,0,0,0,0,0,0,0,0,0,0,0,0,0
"0167 OB-STR-CTX Inh IMN_2",2,0,0,0,0,0,0,0,0,0,0,0,0,0,1,0,0,0,1,0,0,1,0,1,0,0,0,0,0,0,0,0,0,0,0,0,0,0,0,0,0,0,0,0,0,0,0,0,0,0,0,0,0,0,0,0,0,0,0,0,0,0,0,0,0,2,0,0,0,0,0,1,0,0,0,0
"0170 OB-STR-CTX Inh IMN_5",0,0,0,0,0,0,0,0,0,0,0,0,0,0,1,0,0,0,0,0,0,0,0,0,0,0,0,0,0,0,1,0,0,0,0,0,0,0,0,0,0,0,0,0,0,0,0,0,0,0,0,0,0,0,0,0,0,0,0,0,0,0,0,0,0,0,0,0,0,0,0,0,0,0,0,0
"0171 OB-STR-CTX Inh IMN_6",0,0,0,0,0,0,0,0,0,0,0,0,0,0,0,2,0,1,0,0,0,0,0,0,0,0,0,0,0,0,0,0,0,0,0,0,0,0,0,0,0,0,0,0,0,0,0,0,0,0,0,0,0,0,0,0,0,0,0,0,0,0,0,0,0,0,0,0,0,0,0,0,0,0,0,0
"0173 Vip Gaba_1",6,0,0,0,0,0,0,0,1,0,0,0,0,0,0,0,0,0,0,0,0,1,0,0,0,0,0,0,0,0,0,0,0,0,0,0,0,0,0,0,0,0,1,0,0,0,0,0,16,0,0,0,0,0,0,0,0,0,0,0,0,0,0,0,0,0,0,1,0,0,0,0,0,0,0,0
"0174 Vip Gaba_2",3,0,1,0,0,0,0,0,1,0,0,0,0,0,0,0,0,0,0,0,0,3,0,0,0,0,0,0,0,0,0,0,0,0,0,0,0,0,0,0,0,0,0,0,0,0,0,0,14,0,0,0,0,0,0,0,0,0,0,0,0,0,0,0,0,0,0,0,0,0,0,0,0,0,0,0
"0175 Vip Gaba_3",2,0,0,0,0,0,0,0,0,0,0,0,0,0,0,0,0,2,1,0,0,0,0,0,0,0,0,0,0,0,0,0,0,0,0,0,0,0,0,0,1,0,0,0,0,0,0,0,28,0,0,0,0,0,0,0,0,0,0,0,0,0,0,0,0,0,0,0,0,0,0,0,0,0,0,0
"0176 Vip Gaba_4",1,0,0,0,0,0,0,0,0,0,0,0,0,0,0,0,0,0,1,0,0,0,0,0,0,0,0,0,0,0,0,0,0,0,0,0,0,0,0,0,0,0,0,0,0,0,0,0,8,0,0,0,0,0,0,0,0,0,0,0,0,0,1,0,0,0,0,0,0,0,0,0,0,0,0,0
"0177 Vip Gaba_5",0,1,0,0,0,0,0,0,0,0,0,0,0,1,0,0,0,1,1,0,0,1,0,0,0,0,0,0,0,0,0,0,0,0,0,0,0,0,0,0,0,0,0,0,0,0,0,0,17,0,0,0,0,0,0,0,0,0,0,1,0,0,0,0,0,0,0,0,0,0,0,0,0,0,0,0
"0178 Vip Gaba_6",0,0,0,0,0,0,0,0,0,0,0,0,0,0,0,0,0,0,0,0,0,0,0,0,0,0,0,0,0,0,0,0,0,0,0,0,0,0,0,0,0,0,0,0,0,0,0,0,3,0,0,0,0,0,0,0,0,0,0,0,0,0,0,0,0,0,0,0,0,0,0,0,0,0,0,0
"0179 Vip Gaba_7",0,0,0,0,0,0,0,0,0,0,0,0,0,0,0,0,0,0,0,0,0,0,0,0,0,0,0,0,0,0,0,0,0,0,0,0,0,0,0,0,0,0,0,0,0,0,0,0,4,0,0,0,0,0,0,0,0,0,0,0,0,0,0,0,0,0,0,0,0,0,0,0,0,0,0,0
"0180 Vip Gaba_8",0,0,0,0,0,0,0,0,0,0,0,0,0,0,0,0,0,0,0,0,0,0,0,0,0,0,0,0,0,0,0,0,0,0,0,0,0,0,0,0,0,0,0,0,0,0,0,0,2,0,0,0,0,0,0,0,0,0,0,0,0,0,0,0,0,0,0,0,0,0,0,0,0,0,0,0
"0181 Vip Gaba_9",1,0,0,0,0,0,0,0,0,0,0,0,0,0,0,0,0,0,0,0,0,1,0,0,0,0,0,0,0,0,0,0,0,0,0,0,0,0,0,0,0,0,0,0,0,0,0,0,9,0,0,0,0,0,0,0,1,0,0,0,0,0,0,0,0,0,0,0,0,0,0,0,0,0,0,0
"0182 Vip Gaba_10",1,0,0,0,0,0,0,0,0,0,0,0,0,0,0,0,0,0,0,0,0,1,0,0,0,0,0,0,0,0,0,0,0,0,0,0,0,0,0,0,0,0,0,0,0,0,0,0,5,0,0,0,0,0,0,0,0,0,0,0,0,0,0,0,0,0,0,0,0,0,0,0,0,0,0,0
"0183 Vip Gaba_11",0,0,0,0,0,0,0,0,1,0,0,0,0,0,0,0,0,0,0,0,0,0,0,0,0,0,0,0,0,0,0,0,0,0,0,0,0,0,0,0,0,0,0,0,0,0,0,0,4,0,0,0,0,0,0,0,0,0,0,0,0,0,0,0,0,0,0,0,0,0,0,0,0,0,0,0
"0184 Vip Gaba_12",0,0,0,0,0,0,0,0,0,0,0,0,0,0,0,0,0,0,0,0,0,0,0,0,0,0,0,0,0,0,0,0,0,0,0,0,0,0,0,0,0,0,0,0,0,0,0,0,3,0,0,0,0,0,0,0,0,0,0,0,0,0,0,0,0,0,0,0,0,0,0,0,0,0,0,0
"0185 Sncg Gaba_1",1,0,0,0,0,0,0,0,0,0,0,0,0,0,0,0,0,0,0,0,0,0,0,0,0,0,0,0,0,0,0,0,0,0,1,0,0,0,0,0,0,0,0,0,0,0,0,0,17,0,0,0,0,0,0,0,0,0,0,0,0,0,0,0,0,0,0,0,0,0,0,0,0,0,0,0
"0187 Sncg Gaba_3",0,0,0,0,0,0,0,0,0,0,0,0,0,0,0,0,0,0,0,0,0,0,0,0,0,0,0,0,0,0,0,0,0,0,0,0,0,0,0,0,0,0,0,0,0,0,0,0,12,0,0,0,0,0,0,0,0,0,0,0,0,0,0,0,0,0,0,0,0,0,0,0,0,0,0,0
"0188 Sncg Gaba_4",0,0,0,0,0,0,0,0,0,0,0,0,0,0,0,0,0,0,0,0,0,0,0,0,0,0,0,0,0,0,0,0,0,0,0,0,0,0,0,0,0,0,0,0,0,0,0,0,4,0,0,0,0,0,0,0,0,0,0,0,0,0,0,0,0,0,0,0,0,0,0,0,0,0,0,0
"0189 Sncg Gaba_5",0,0,0,0,0,0,0,0,0,0,0,0,0,0,0,0,0,0,0,0,0,0,0,0,0,0,0,0,0,0,0,0,0,0,0,0,0,0,0,0,0,0,0,0,0,0,0,0,2,0,0,0,0,0,0,0,0,0,0,0,0,0,0,0,0,0,0,0,0,0,0,0,0,0,0,0
"0190 Sncg Gaba_6",0,0,0,0,0,0,0,0,0,0,0,0,0,0,0,0,0,0,0,0,0,0,0,0,0,0,0,0,0,0,0,0,0,0,0,0,0,0,0,0,0,0,0,0,0,0,0,0,5,0,0,0,0,0,0,0,0,0,0,0,0,0,0,0,0,0,0,0,0,0,0,0,0,0,0,0
"0191 Sncg Gaba_7",0,0,0,0,0,0,0,0,0,0,0,0,0,0,0,0,0,0,1,0,0,0,0,0,0,0,0,0,0,0,0,0,0,0,0,0,0,0,0,0,0,0,0,0,0,0,0,0,1,0,0,0,0,0,0,0,0,0,0,0,0,0,0,0,0,0,0,0,0,0,0,0,0,0,0,0
"0192 Sncg Gaba_8",0,0,0,0,0,0,0,0,0,0,0,0,0,0,0,0,0,1,0,0,0,2,0,1,0,0,0,0,0,0,0,0,0,0,0,0,0,0,0,0,0,0,0,0,0,0,0,0,4,0,0,0,0,0,0,0,0,0,0,0,0,0,0,0,0,0,0,0,0,0,0,0,0,0,0,0
"0193 RHP-COA Ndnf Gaba_1",0,0,0,0,0,0,0,0,0,0,0,0,0,0,0,0,0,0,0,0,0,0,0,0,0,0,0,0,0,0,0,0,0,0,0,0,0,0,0,0,0,0,0,0,0,0,0,0,5,0,0,0,0,0,0,0,0,0,0,0,0,0,0,0,0,0,0,0,0,0,0,0,0,0,0,0
"0194 RHP-COA Ndnf Gaba_2",2,0,0,0,0,0,0,0,0,0,0,0,0,0,0,0,0,2,0,0,0,0,1,0,0,0,0,0,0,0,0,0,0,0,0,0,0,0,0,0,0,0,0,0,0,0,0,0,23,0,0,0,0,0,0,0,5,0,0,0,0,0,0,0,0,0,0,1,0,0,0,0,0,0,0,0
"0195 RHP-COA Ndnf Gaba_3",2,0,0,0,0,0,0,0,0,0,0,0,0,0,0,1,0,0,0,0,0,0,0,0,0,0,0,0,0,0,0,0,0,0,0,0,0,0,0,0,0,0,0,0,0,0,0,0,17,0,0,0,0,0,0,0,1,0,0,0,0,0,0,0,0,0,0,0,0,0,0,0,0,0,0,0
"0196 RHP-COA Ndnf Gaba_4",0,0,0,0,0,0,0,0,0,0,0,0,0,0,0,0,0,1,0,0,0,0,0,0,0,0,0,0,0,0,0,0,0,0,0,0,0,0,0,0,0,0,0,0,0,0,0,0,7,0,0,0,0,0,0,0,0,0,0,0,0,0,0,0,0,0,0,0,0,0,0,0,0,0,0,0
"0197 RHP-COA Ndnf Gaba_5",0,0,0,0,0,0,0,0,0,0,0,0,0,0,0,0,0,0,0,0,0,0,0,0,0,0,0,0,0,0,0,0,0,0,0,1,0,0,0,0,0,0,0,0,0,0,0,0,15,0,0,0,0,0,0,0,0,0,0,0,0,0,0,0,0,0,0,0,0,0,0,0,0,0,0,0
"0198 RHP-COA Ndnf Gaba_6",2,1,0,0,0,0,0,0,0,0,0,0,0,0,0,3,0,0,0,0,0,0,0,0,0,0,0,0,0,0,0,0,0,0,0,0,0,0,0,0,1,0,0,0,0,0,0,0,6,0,0,0,0,0,0,0,0,0,0,0,0,0,0,0,0,0,0,0,0,0,0,0,0,0,0,0
"0199 Lamp5 Gaba_1",6,0,0,0,0,0,0,0,1,0,0,0,0,0,0,0,0,2,3,0,0,0,0,0,0,0,0,0,0,1,0,0,0,0,0,0,0,0,0,0,0,0,0,0,0,0,0,0,187,0,0,0,0,0,0,0,0,0,0,0,0,0,0,0,0,0,0,0,0,0,0,0,0,0,0,0
"0200 Lamp5 Gaba_2",2,0,0,0,0,0,0,0,3,0,0,0,0,0,0,0,0,0,0,1,0,2,0,0,0,0,0,0,0,0,0,0,0,0,1,0,0,0,0,0,1,0,0,0,0,0,0,0,5,0,0,0,0,0,0,0,0,0,0,0,0,0,0,0,0,0,0,1,0,0,0,0,0,0,0,0
"0201 Lamp5 Gaba_3",0,0,0,0,0,0,0,0,0,0,0,0,0,0,0,0,0,0,0,0,0,2,0,0,0,0,0,0,0,0,0,0,0,0,0,0,0,0,0,0,0,0,0,0,0,0,0,0,3,0,0,0,0,0,0,0,0,0,0,0,0,0,0,0,0,0,0,0,0,0,0,0,0,0,0,0
"0202 Lamp5 Gaba_4",2,0,0,0,0,0,0,0,0,0,0,0,0,0,0,0,0,0,1,0,0,8,0,0,0,0,0,0,0,0,0,0,0,0,0,0,0,0,0,0,0,0,0,0,0,0,0,0,3,0,0,0,0,0,0,0,7,0,0,0,0,0,0,0,0,0,0,0,0,0,0,0,0,0,0,0
"0203 Lamp5 Lhx6 Gaba_1",3,0,0,0,0,0,0,0,0,0,0,0,0,0,0,8,0,0,1,0,0,0,0,0,0,0,0,0,0,0,0,0,0,0,1,0,0,0,0,0,0,0,0,0,0,0,0,0,53,0,0,0,0,0,0,0,0,0,0,0,0,0,0,0,0,0,0,0,0,0,0,0,0,0,0,0
"0204 Pvalb chandelier Gaba_1",0,0,0,0,0,0,0,0,1,0,0,0,0,0,0,28,0,2,0,0,0,0,0,0,0,0,0,0,0,0,0,0,0,0,0,0,0,0,0,0,0,0,0,0,0,0,0,0,1,0,0,0,0,0,0,0,0,0,0,0,0,0,0,0,0,0,0,0,0,0,0,0,0,0,0,0
"0205 Pvalb Gaba_1",1,0,0,0,0,0,0,0,0,0,0,1,0,0,0,4,0,0,0,0,0,0,0,0,0,0,0,0,0,0,0,0,0,0,0,0,0,0,0,0,1,0,0,0,0,0,0,0,0,0,0,0,0,0,0,0,0,0,0,0,0,0,0,0,0,0,0,0,0,0,0,0,0,0,0,0
"0206 Pvalb Gaba_2",0,0,0,0,0,0,0,0,0,0,0,0,0,0,0,53,0,0,1,0,0,0,0,0,0,0,0,0,0,0,0,0,0,0,0,0,0,0,0,0,0,0,0,0,0,0,0,0,0,0,0,0,0,0,0,0,0,0,0,0,0,0,0,0,0,0,0,0,0,0,0,0,0,0,0,0
"0207 Pvalb Gaba_3",0,0,0,0,0,0,0,0,1,0,0,0,0,0,0,46,0,2,0,0,0,0,0,0,0,0,0,0,0,0,0,0,0,0,0,0,0,0,0,0,1,0,0,0,0,0,0,0,0,0,0,0,0,0,0,0,0,0,0,0,0,0,0,0,0,0,0,0,0,0,0,0,0,0,0,1
"0208 Pvalb Gaba_4",0,0,0,0,0,0,0,0,0,0,0,0,0,0,0,18,0,0,0,0,0,0,0,0,0,0,0,0,0,0,0,0,0,0,0,0,0,0,0,0,0,0,0,0,0,0,0,0,0,0,0,0,0,0,0,0,0,0,0,0,0,0,0,0,0,0,0,0,0,0,0,0,0,0,0,0
"0209 Pvalb Gaba_5",0,0,0,0,0,0,0,0,1,0,0,0,0,0,0,44,0,1,0,0,0,0,0,0,0,0,0,0,0,0,0,0,0,0,0,0,0,0,0,0,0,0,0,0,0,0,0,0,0,0,0,0,0,0,0,0,0,0,0,0,0,0,0,0,0,0,0,0,0,0,0,0,0,0,0,0
"0210 Pvalb Gaba_6",0,0,0,0,0,0,0,0,0,0,0,0,0,0,0,5,0,0,0,0,0,0,0,0,0,0,0,0,0,0,0,0,0,0,0,0,0,0,0,0,0,0,0,0,0,0,0,0,0,0,0,0,0,0,0,0,0,0,0,0,0,0,0,0,0,0,0,0,0,0,0,0,0,0,0,0
"0211 Pvalb Gaba_7",1,0,0,0,0,0,0,0,0,0,0,0,0,0,0,7,0,0,0,0,0,0,0,0,0,0,0,0,0,0,0,0,0,0,0,0,0,0,0,0,1,0,0,0,0,0,0,0,0,0,0,0,0,0,0,0,0,0,0,0,0,0,0,0,0,0,0,0,0,0,0,0,0,0,0,0
"0212 Pvalb Gaba_8",0,0,0,0,0,0,0,0,0,0,0,0,0,0,0,9,0,0,0,0,0,0,0,0,0,0,0,0,0,0,0,0,0,0,0,0,0,0,0,0,0,0,0,0,0,0,0,0,0,0,0,0,0,0,0,0,0,0,0,0,0,0,0,0,0,0,0,0,0,0,0,0,0,0,0,0
"0214 Sst Gaba_1",1,0,0,0,0,0,0,0,1,0,0,1,0,0,0,12,0,0,2,0,0,0,0,1,0,0,1,0,0,1,0,0,0,0,0,0,0,0,0,0,0,0,0,0,0,0,0,0,0,0,0,0,0,0,0,0,0,0,0,0,0,0,0,0,0,0,0,0,0,0,0,0,0,0,0,0
"0215 Sst Gaba_2",5,0,0,0,0,0,0,0,0,0,0,0,1,0,1,62,0,1,0,0,0,0,0,1,0,0,0,0,0,0,0,0,0,0,0,0,0,0,0,0,2,0,0,0,0,0,0,0,0,0,0,0,0,0,0,0,1,0,0,0,0,0,0,0,0,0,0,0,0,0,0,0,0,0,0,0
"0216 Sst Gaba_3",0,0,0,0,0,0,0,0,0,0,0,0,0,0,0,8,0,0,0,0,0,0,0,0,0,0,0,0,0,0,0,0,0,0,0,0,0,0,0,0,1,0,0,0,0,0,1,0,0,0,0,0,0,0,0,0,0,0,0,0,0,0,0,0,0,0,0,0,0,0,0,0,0,0,0,0
"0217 Sst Gaba_4",0,0,1,0,1,0,0,0,1,0,0,0,0,0,0,8,0,0,1,2,0,0,0,0,0,0,0,0,0,0,0,0,0,0,1,0,0,0,0,0,0,0,0,1,0,0,0,0,0,0,0,0,0,0,0,0,1,0,0,0,0,0,0,0,0,0,0,0,0,0,0,0,0,0,0,0
"0218 Sst Gaba_5",0,0,0,0,0,0,0,0,0,0,0,0,0,0,0,18,0,0,0,0,0,0,0,0,0,0,0,0,0,0,0,0,0,0,0,0,0,0,0,0,0,0,0,0,0,0,0,0,0,0,0,0,0,0,0,0,0,0,0,0,0,0,0,0,0,0,0,0,0,0,0,0,0,0,0,0
"0219 Sst Gaba_6",2,0,1,0,0,0,0,0,0,0,0,0,0,0,0,53,0,1,2,0,0,0,0,2,0,0,0,0,1,0,0,0,0,0,4,0,0,0,0,0,1,0,0,0,0,0,0,0,1,0,0,0,0,0,0,0,0,0,0,0,0,0,0,0,0,0,0,0,0,0,0,0,0,0,0,0
"0220 Sst Gaba_7",0,0,0,0,0,0,0,0,0,0,0,0,0,0,0,3,0,0,0,0,0,0,0,0,0,0,0,0,0,0,0,0,0,0,0,0,0,0,0,0,0,0,0,0,0,0,0,0,0,0,0,0,0,0,0,0,0,0,0,0,0,0,0,0,0,0,0,0,0,0,0,0,0,0,0,0
"0221 Sst Gaba_8",0,0,0,0,0,0,0,0,2,0,1,0,0,0,0,6,0,0,1,0,0,0,0,0,0,0,0,0,0,0,0,0,0,0,2,0,0,0,0,0,0,0,0,0,0,0,0,0,0,0,0,0,0,0,0,0,0,0,0,0,0,0,0,0,0,0,0,0,0,0,0,0,0,0,0,0
"0222 Sst Gaba_9",0,0,0,0,0,0,0,0,0,0,0,0,0,0,0,2,0,0,0,0,0,0,0,0,0,0,0,0,0,0,0,0,0,0,0,0,0,0,0,0,0,0,0,0,0,0,0,0,1,0,0,0,0,0,0,0,0,0,0,0,0,0,0,0,0,0,0,0,0,0,0,0,0,0,0,0
"0223 Sst Gaba_10",0,0,0,0,0,0,0,0,0,0,0,0,0,0,0,11,0,0,0,0,0,0,0,0,0,0,0,0,0,0,0,0,0,0,0,0,0,0,0,0,0,0,0,0,0,0,0,0,0,0,0,0,0,0,0,0,0,0,0,0,0,1,0,0,0,0,0,0,0,0,0,0,0,0,0,0
"0224 Sst Gaba_11",0,0,0,0,0,0,0,0,0,0,0,0,0,0,0,2,0,0,0,0,0,0,0,0,0,0,0,0,0,0,0,0,0,0,0,0,0,0,0,0,0,0,0,0,0,0,0,0,0,0,0,0,0,0,0,0,0,0,0,0,0,0,0,0,0,0,0,0,0,0,0,0,0,0,0,0
"0225 Sst Gaba_12",1,0,0,0,0,0,0,0,0,0,0,0,0,0,0,4,0,1,0,0,0,0,0,0,0,0,0,0,0,0,0,0,0,0,0,0,0,0,0,0,0,0,0,0,0,0,0,0,0,0,0,0,0,0,0,0,0,0,0,0,0,0,0,0,0,0,0,0,0,0,0,0,0,0,0,0
"0226 Sst Gaba_13",0,0,0,0,0,0,0,0,0,0,0,0,0,0,0,6,0,0,0,0,0,0,0,0,0,0,0,0,0,0,0,0,0,0,0,0,0,0,0,0,0,0,0,0,0,0,0,0,0,0,0,0,0,0,0,0,0,0,0,0,0,0,0,0,0,0,0,0,0,0,0,0,0,0,0,0
"0227 Sst Gaba_14",1,0,0,0,0,0,0,0,0,0,0,0,0,0,0,8,0,1,0,0,0,0,0,0,0,0,0,0,0,0,0,0,0,0,0,0,0,0,0,0,0,0,0,0,0,0,0,0,0,0,0,0,0,0,0,0,0,0,0,0,0,0,0,0,0,0,0,0,0,0,0,0,0,0,0,0
"0228 Sst Gaba_15",0,0,0,0,0,0,0,0,0,0,0,0,0,0,0,1,0,0,0,0,0,0,0,0,0,0,0,0,0,0,0,0,0,0,0,0,0,0,0,0,0,0,0,0,0,0,0,0,0,0,0,0,0,0,0,0,0,0,0,0,0,0,0,0,0,0,0,0,0,0,0,0,0,0,0,0
"0229 Sst Gaba_16",0,0,0,0,0,0,0,0,0,0,0,0,0,0,0,9,0,0,0,0,0,0,0,0,0,0,0,0,0,0,0,0,0,0,0,0,0,0,0,0,0,0,0,0,0,0,0,0,0,0,0,0,0,0,0,0,0,0,0,0,0,0,0,0,0,0,0,0,0,0,0,0,0,0,0,0
"0230 Sst Gaba_17",2,0,0,0,0,0,0,1,4,0,0,0,0,0,0,83,0,4,0,0,0,2,0,2,0,0,0,0,0,0,0,0,0,0,1,0,1,0,0,0,1,0,0,1,0,1,0,0,0,0,1,0,0,0,0,0,2,0,0,0,1,0,0,0,0,0,0,0,0,0,0,0,0,0,0,0
"0231 Sst Gaba_18",0,0,0,0,0,0,0,0,0,0,0,0,0,0,0,6,0,1,0,0,0,0,0,0,0,0,0,0,0,0,0,0,0,0,1,0,0,0,0,0,0,0,0,0,1,0,0,0,0,0,0,0,0,0,0,0,0,0,0,0,0,0,0,0,0,0,0,0,0,0,0,0,0,0,0,0
"0232 Sst Gaba_19",0,0,0,0,0,0,0,0,0,0,0,0,0,0,0,8,0,1,1,0,0,0,0,0,0,0,0,0,0,0,0,0,0,0,0,0,0,0,0,0,0,0,0,0,0,0,0,0,3,0,0,0,0,0,0,0,0,0,0,0,0,0,0,0,0,0,0,0,0,0,0,0,0,0,0,0
"0233 STR Prox1 Lhx6 Gaba_1",2,0,0,0,0,1,0,0,4,0,0,0,0,0,0,102,0,3,3,0,0,1,0,1,0,0,0,0,0,0,0,0,0,0,4,0,0,0,0,0,4,0,0,0,0,0,0,1,0,0,0,0,0,0,0,0,10,0,0,0,0,0,0,0,0,0,0,0,0,0,0,0,0,0,0,0
"0234 STR Prox1 Lhx6 Gaba_2",0,0,0,0,0,0,0,0,3,0,0,0,0,0,0,343,0,2,0,0,0,0,0,0,0,0,0,0,0,0,0,0,0,0,4,0,0,0,0,0,0,0,0,0,0,0,0,0,0,0,0,0,0,0,0,0,0,0,0,0,0,0,0,0,0,0,0,0,0,0,0,0,0,0,0,0
"0235 STR Prox1 Lhx6 Gaba_3",0,0,0,0,0,0,0,0,0,0,0,0,0,0,0,12,0,0,0,0,0,0,0,0,0,0,0,0,0,0,0,0,0,0,0,0,0,0,0,0,0,0,0,0,0,0,0,0,0,0,0,0,0,0,0,0,0,0,0,0,0,0,0,0,0,0,0,0,0,0,0,0,0,0,0,0
"0236 STR Lhx8 Gaba_1",8,0,0,0,0,0,0,0,4,0,0,0,0,0,0,152,0,3,0,0,0,2,0,0,0,0,0,0,0,0,0,0,0,0,0,0,0,0,0,0,0,0,0,0,0,0,0,0,0,0,0,0,0,0,0,0,0,1,0,0,0,0,0,0,0,0,0,0,0,0,0,0,0,0,0,0
"0237 STR Lhx8 Gaba_2",0,0,0,0,0,0,0,0,1,0,0,0,1,0,0,97,0,1,0,0,0,0,0,0,0,0,0,0,0,0,0,0,0,0,2,0,0,0,0,0,0,0,0,0,0,1,0,1,0,0,0,0,0,0,0,0,0,0,0,0,0,0,0,0,0,0,0,0,0,0,0,0,0,0,0,0
"0238 Sst Chodl Gaba_1",3,0,0,0,0,0,1,0,3,0,0,0,0,0,0,94,0,2,3,0,0,0,0,0,0,0,0,0,0,0,0,0,0,0,2,0,0,0,0,0,0,0,0,0,0,1,0,1,0,0,0,0,0,0,0,0,0,0,0,0,0,0,0,0,0,0,0,0,0,0,0,0,0,0,0,0
"0239 Sst Chodl Gaba_2",0,0,0,0,0,1,0,1,4,0,0,0,0,0,0,170,0,6,1,0,0,0,0,0,0,0,0,0,0,0,0,0,0,0,2,0,0,0,0,0,0,0,0,0,1,0,0,0,0,0,0,0,0,0,0,0,0,0,0,0,0,0,0,0,0,0,0,0,0,0,0,0,0,0,0,0
"0240 Sst Chodl Gaba_3",0,0,0,0,0,0,0,0,4,0,0,0,0,0,0,26,0,0,2,0,0,0,0,0,0,0,0,0,0,0,0,0,0,0,0,0,0,0,0,0,1,0,0,0,0,0,0,0,0,0,0,0,0,0,0,0,0,0,0,0,0,0,0,0,0,0,0,0,0,0,0,0,0,0,0,0
"0241 Sst Chodl Gaba_4",0,0,0,0,0,0,0,0,0,0,0,0,0,0,0,21,0,0,0,0,0,0,0,0,0,0,0,0,0,0,0,0,0,0,0,0,0,1,0,0,0,0,0,0,0,0,0,0,0,0,0,0,0,0,0,0,0,0,0,0,0,0,0,0,0,0,0,0,0,0,0,0,0,0,0,0
"0242 Sst Chodl Gaba_5",1,0,0,0,0,0,0,0,0,0,0,0,0,0,0,37,0,1,0,0,0,0,0,1,0,0,0,0,0,0,0,0,0,0,1,0,0,0,0,0,0,0,0,0,1,0,0,0,0,0,0,0,0,0,0,0,0,0,0,0,0,0,0,0,0,0,0,0,0,0,0,0,0,0,0,0
"0243 Sst Chodl Gaba_6",0,0,0,0,0,0,0,0,0,0,0,0,0,0,0,20,0,2,0,1,0,0,0,0,0,0,0,0,0,1,0,0,0,0,1,0,0,0,0,0,1,0,0,0,0,0,0,0,0,0,0,0,0,0,0,0,0,0,0,0,0,0,0,0,0,0,0,0,0,0,0,0,0,0,0,0
"0244 NDB-SI-MA-STRv Lhx8 Gaba_1",11,0,3,1,0,0,2,0,6,0,0,3,1,0,0,76,0,2,6,9,0,0,0,8,0,0,0,0,0,0,0,0,2,0,8,0,0,0,0,2,7,0,0,0,1,0,0,0,0,0,0,1,0,0,0,0,4,0,0,0,0,0,0,0,0,0,0,0,0,0,0,0,0,0,0,0
"0245 NDB-SI-MA-STRv Lhx8 Gaba_2",4,0,0,0,0,0,1,0,9,0,0,0,1,0,1,7,0,5,5,241,0,0,0,0,0,0,0,1,0,0,0,0,0,0,10,0,0,0,0,7,2,0,0,0,0,1,0,0,0,0,0,2,0,0,0,0,0,0,0,0,0,0,0,0,0,0,0,0,0,0,0,0,0,0,0,0
"0246 NDB-SI-MA-STRv Lhx8 Gaba_3",3,0,0,1,0,0,0,0,3,0,0,0,0,0,0,16,0,1,1,6,0,0,0,0,0,0,0,0,0,0,0,0,0,0,0,0,1,0,0,4,0,0,0,0,0,0,0,0,0,0,0,0,0,0,0,0,0,0,0,0,0,0,0,0,0,0,0,0,0,0,0,0,0,0,0,0
"0247 NDB-SI-MA-STRv Lhx8 Gaba_4",2,0,2,0,0,0,0,0,20,0,0,0,1,0,0,2,0,14,8,866,0,0,0,0,0,0,0,0,0,0,0,0,0,0,4,0,0,0,0,1,5,0,0,0,0,0,0,0,0,0,0,1,0,0,0,0,0,0,0,0,0,0,0,0,0,0,0,0,0,0,0,0,0,0,0,0
"0248 NDB-SI-MA-STRv Lhx8 Gaba_5",3,0,0,0,0,0,1,0,5,0,0,0,2,0,0,55,0,2,2,13,0,2,0,1,0,0,1,0,0,1,0,0,0,0,2,0,1,0,0,2,0,0,0,0,1,0,0,0,0,0,0,1,0,0,0,0,0,0,0,0,0,1,0,0,0,0,0,0,0,0,0,0,0,0,0,0
"0249 NDB-SI-MA-STRv Lhx8 Gaba_6",2,0,1,0,0,0,0,0,3,0,0,1,0,0,0,0,0,1,3,245,0,0,0,1,0,0,0,0,0,0,0,0,1,0,2,1,0,1,0,4,3,0,0,0,0,0,0,0,0,0,0,0,0,0,0,0,0,0,0,0,0,0,0,0,0,0,0,0,0,0,0,0,0,0,0,0
"0250 NDB-SI-MA-STRv Lhx8 Gaba_7",0,0,0,0,0,0,0,0,1,0,0,0,0,0,0,3,0,1,0,8,0,0,0,0,0,0,0,0,0,0,0,0,0,0,1,0,0,0,0,1,0,0,0,0,0,0,0,0,0,0,0,0,0,0,0,0,0,0,0,0,0,0,0,0,0,0,0,0,0,0,0,0,0,0,0,0
"0251 NDB-SI-MA-STRv Lhx8 Gaba_8",1,0,0,0,0,0,0,0,2,0,0,1,0,0,0,0,0,4,1,154,0,0,0,0,0,0,0,0,0,0,0,0,0,0,2,0,0,0,0,4,1,0,0,0,0,0,0,0,0,0,0,0,0,0,0,0,0,0,0,0,0,0,0,0,0,0,0,0,0,0,0,0,0,0,0,0
"0252 NDB-SI-MA-STRv Lhx8 Gaba_9",1,0,0,0,0,0,0,0,1,0,0,0,0,0,0,0,0,1,1,96,0,0,0,1,0,0,0,0,0,0,0,0,0,0,1,0,0,0,0,0,1,0,0,0,1,0,0,0,0,0,0,0,0,0,0,0,0,0,0,0,0,0,0,0,0,0,0,0,0,0,0,0,0,0,0,0
"0253 NDB-SI-MA-STRv Lhx8 Gaba_10",5,0,1,0,0,0,0,0,3,0,0,0,0,0,1,49,0,2,0,0,0,0,0,1,0,0,0,0,0,0,0,0,0,0,0,0,0,0,0,0,2,0,0,0,3,0,0,0,0,0,0,0,0,0,0,0,2,0,0,0,0,0,0,0,0,0,0,0,0,0,0,0,0,0,0,0
"0254 NDB-SI-MA-STRv Lhx8 Gaba_11",1,0,1,0,0,0,0,0,0,0,0,0,0,0,0,2,0,0,0,8,0,0,0,0,0,0,0,0,0,0,0,0,0,0,0,0,0,0,0,6,0,0,0,0,0,0,0,0,0,0,0,0,0,0,0,0,0,0,0,1,0,0,0,0,0,0,0,0,0,0,0,0,0,0,0,0
"0255 NDB-SI-MA-STRv Lhx8 Gaba_12",0,0,1,0,0,0,0,0,0,0,0,0,1,0,0,0,0,3,0,83,0,0,0,0,0,0,0,0,0,0,0,0,1,0,0,0,1,0,0,2,0,0,0,0,0,0,0,0,0,0,0,0,0,0,0,0,0,0,0,0,0,0,0,0,0,0,0,0,0,0,0,0,0,0,0,0
"0256 NDB-SI-MA-STRv Lhx8 Gaba_13",3,0,0,0,0,0,0,0,0,0,0,0,0,0,0,11,0,1,1,2,0,0,0,0,0,0,0,0,0,0,0,0,0,0,0,0,0,0,0,2,0,0,0,0,0,0,0,0,0,0,0,0,0,0,0,0,0,0,0,0,0,0,0,0,0,0,0,0,0,0,0,0,0,0,0,0
"0257 GPe-SI Sox6 Cyp26b1 Gaba_1",0,0,0,0,0,0,0,0,3,0,0,0,0,0,0,0,0,12,7,0,0,0,0,0,0,0,0,0,0,0,1,0,0,0,2,0,0,0,0,0,1,0,0,0,318,0,0,0,0,0,0,0,0,0,0,0,0,0,0,0,0,0,0,0,0,0,0,0,0,0,0,0,0,0,0,0
"0258 GPe-SI Sox6 Cyp26b1 Gaba_2",2,0,0,0,0,0,0,0,5,0,0,0,0,0,0,0,0,4,3,0,0,0,0,0,0,0,0,1,0,0,0,0,0,0,3,0,0,0,0,0,2,0,0,0,138,1,0,0,0,0,0,0,0,0,0,0,0,0,0,0,0,0,0,0,0,0,0,0,0,0,0,0,0,0,0,0
"0259 PAL-STR Gaba-Chol_1",0,0,0,0,0,0,0,0,0,0,0,0,0,0,0,0,0,0,1,0,0,0,0,0,0,0,0,0,0,0,0,0,0,0,0,0,0,0,0,0,0,0,0,0,0,0,0,0,0,0,0,176,0,0,0,0,0,0,0,0,0,0,0,0,0,0,0,0,0,0,0,0,0,0,0,0
"0260 PAL-STR Gaba-Chol_2",0,0,0,0,0,0,0,0,0,0,0,0,0,0,0,0,0,0,0,0,0,0,0,0,0,0,0,0,0,0,0,0,0,0,0,0,0,0,0,0,0,0,0,0,0,0,0,0,0,0,0,211,0,0,0,0,0,0,0,0,0,0,0,0,0,0,0,0,0,0,0,0,0,0,0,0
"0261 PAL-STR Gaba-Chol_3",0,0,0,0,0,0,0,0,0,0,0,0,0,0,0,10,0,2,3,26,0,0,0,0,0,0,0,0,0,0,0,0,0,0,2,0,0,0,0,1,0,0,0,0,0,0,0,0,0,0,0,18,0,0,0,0,0,0,0,0,0,0,0,0,0,0,0,0,0,0,0,0,0,0,0,0
"0262 OT D3 Folh1 Gaba_1",6,0,0,0,0,0,0,0,4,0,0,0,0,0,0,0,0,0,0,0,0,0,0,0,0,0,0,0,0,0,0,0,0,0,0,0,0,0,0,0,0,0,0,0,0,0,0,0,0,1,65,0,0,0,0,0,0,0,0,0,0,0,0,0,0,1,0,0,0,0,0,0,0,0,0,0
"0263 OT D3 Folh1 Gaba_2",0,0,0,0,0,0,0,0,0,0,0,0,0,0,0,0,0,0,0,0,0,0,0,0,0,0,0,0,0,0,0,0,0,0,0,0,0,0,0,0,0,0,1,0,0,0,0,0,0,0,9,0,0,0,0,0,0,0,0,0,0,0,0,0,0,0,0,0,0,0,0,0,0,0,0,0
"0264 OT D3 Folh1 Gaba_3",0,0,2,0,0,3,0,1,9,0,0,0,0,0,0,0,0,2,2,0,0,0,0,0,0,0,0,0,0,0,0,0,0,0,1,0,0,0,0,0,0,0,0,0,0,0,0,0,0,0,156,0,0,0,0,0,0,0,0,0,0,0,0,0,0,1,0,0,0,0,0,0,0,0,0,0
"0265 STR D1 Gaba_1",1,0,5,0,0,39,0,0,31,0,0,0,0,0,0,0,0,8,4,0,0,0,0,0,0,0,0,0,0,0,0,0,0,0,2,1,0,0,0,0,0,0,0,0,0,0,0,0,0,0,86,0,0,0,0,0,1,0,0,0,0,0,0,0,0,0,0,0,0,0,0,0,0,0,0,0
"0266 STR D1 Gaba_2",0,0,0,0,0,11,0,0,0,0,0,0,0,0,0,0,0,0,0,0,0,0,0,0,0,0,0,0,0,0,0,0,0,0,0,0,0,0,0,0,0,0,0,0,0,0,0,0,0,0,0,0,0,0,0,0,0,0,0,0,0,0,0,0,0,0,0,0,0,0,0,0,0,0,0,0
"0267 STR D1 Gaba_3",0,0,0,0,0,1090,0,16,158,0,0,0,0,0,0,0,0,27,25,0,0,0,0,0,0,0,0,0,0,0,0,0,0,0,7,0,0,0,0,0,0,0,0,0,0,0,0,0,0,0,0,0,0,0,0,0,0,0,0,0,0,0,0,0,0,0,0,0,0,0,0,0,0,0,0,0
"0268 STR D1 Gaba_4",0,0,0,0,0,369,0,3,36,0,0,0,0,0,0,0,0,1,7,0,0,0,0,0,0,0,0,0,0,0,0,0,0,0,1,0,0,0,0,0,0,0,0,0,0,0,0,0,0,0,0,0,0,0,0,0,0,0,0,0,0,0,0,0,0,0,0,0,0,0,0,0,0,0,0,0
"0269 STR D1 Gaba_5",1,0,6,0,0,308,0,3,62,0,0,0,0,0,0,0,0,16,13,0,0,0,0,0,0,0,0,0,0,0,0,0,0,0,5,0,0,0,0,0,0,0,0,0,0,0,0,0,0,0,1,0,0,0,0,0,0,0,0,0,0,0,0,0,0,0,0,0,0,0,0,0,0,0,0,0
"0270 STR D1 Gaba_6",0,0,0,0,0,129,0,1,36,0,0,0,0,0,0,0,0,3,12,0,0,0,0,0,0,0,0,0,0,0,0,0,0,0,3,1,0,0,0,0,0,0,0,0,0,0,0,0,0,0,128,0,0,0,0,0,0,0,0,0,0,0,0,0,0,0,0,0,0,0,0,0,0,0,0,0
"0271 STR D1 Gaba_7",0,0,1,0,0,773,0,1,113,0,0,0,0,0,1,0,0,9,12,0,0,0,0,0,0,0,0,1,0,0,0,0,0,0,8,0,0,0,0,0,0,0,0,0,0,0,0,0,0,0,12,0,0,0,0,0,0,0,0,0,0,0,0,0,0,0,0,0,0,0,0,0,0,0,0,0
"0272 STR D1 Gaba_8",0,0,5,0,0,266,0,3,71,0,0,0,0,0,0,0,0,8,12,0,0,0,0,0,0,0,0,0,0,0,0,0,0,0,5,1,0,0,0,0,0,0,0,0,0,0,0,0,0,0,5,0,0,0,0,0,0,0,0,0,0,0,0,0,0,0,0,0,0,0,0,0,0,0,0,0
"0274 STR D2 Gaba_1",1,0,59,0,0,8,0,632,232,0,0,0,0,1,1,0,0,22,36,0,0,0,0,0,0,0,0,2,0,0,0,0,0,0,18,0,0,0,0,0,1,0,0,0,0,0,0,0,0,0,4,1,0,0,0,0,0,0,0,0,0,0,1,0,0,0,0,0,0,0,0,0,0,0,0,0
"0275 STR D2 Gaba_2",0,0,0,0,0,18,0,372,61,0,0,0,0,0,0,0,0,14,16,0,0,0,0,0,0,0,0,1,0,0,0,0,0,0,5,1,0,0,0,0,0,0,0,0,0,0,0,0,0,0,4,0,0,0,0,0,0,0,0,0,0,0,0,0,0,0,0,0,0,0,0,0,0,0,0,0
"0276 STR D2 Gaba_3",1,0,7,0,0,1,0,181,35,0,0,0,0,0,0,0,0,8,2,0,0,0,1,0,0,0,0,0,0,0,0,0,0,0,3,0,0,0,0,0,0,0,0,0,0,0,0,0,0,0,0,0,0,0,0,0,0,0,0,0,0,0,0,0,0,0,0,0,0,0,0,0,0,0,0,0
"0277 STR D2 Gaba_4",0,0,0,0,0,41,0,1270,189,0,0,0,0,0,0,0,0,34,32,0,0,0,0,0,0,0,0,0,0,0,0,0,0,0,6,0,0,0,0,0,0,0,0,0,0,0,0,0,0,0,0,0,0,0,0,0,0,0,0,0,0,0,1,0,0,0,0,0,0,0,0,0,0,0,0,0
"0278 STR D2 Gaba_5",1,0,7,0,0,47,0,89,28,0,0,0,0,0,0,0,0,1,5,0,0,0,0,0,0,0,0,0,0,0,0,0,0,0,0,0,0,0,0,0,0,0,0,0,0,0,1,0,0,0,1,0,0,0,0,0,0,0,0,0,0,0,0,0,0,0,0,0,0,0,0,0,0,0,0,0
"0279 STR D2 Gaba_6",0,0,0,0,0,0,0,81,6,0,0,0,0,0,0,0,0,1,3,0,0,0,0,0,0,0,0,0,0,0,0,0,0,0,1,0,0,0,0,0,0,0,0,0,0,0,0,0,0,0,0,0,0,0,0,0,0,0,0,0,0,0,0,0,0,0,0,0,0,0,0,0,0,0,0,0
"0280 STR D2 Gaba_7",0,0,3,0,0,1,0,8,1,0,0,0,0,0,0,0,0,0,2,0,0,0,0,0,0,0,0,0,0,0,0,0,0,0,0,0,0,0,0,0,0,0,0,0,0,0,0,0,0,0,0,0,0,0,0,0,1,0,0,0,0,0,0,0,0,0,0,0,0,0,0,0,0,0,0,0
"0281 STR D1 Sema5a Gaba_1",0,0,0,0,0,2,0,2,9,0,0,0,0,0,151,0,0,3,2,0,0,0,0,0,0,0,0,0,0,0,0,0,0,0,1,0,0,0,0,0,0,0,0,0,0,0,0,0,0,0,0,0,0,0,0,0,0,0,0,0,0,0,0,0,0,0,0,0,0,0,0,0,0,0,0,0
"0282 STR D1 Sema5a Gaba_2",0,0,0,0,0,0,0,1,0,0,0,0,0,0,11,0,0,1,0,0,0,0,0,0,0,0,0,0,0,0,0,0,0,0,2,0,0,0,0,0,0,0,0,0,0,0,0,0,0,0,0,0,0,0,0,0,0,0,0,0,0,0,0,0,0,0,0,0,0,0,0,0,0,0,0,0
"0283 STR D1 Sema5a Gaba_3",0,0,1,0,0,4,0,3,13,0,0,0,0,0,49,0,0,1,0,0,0,0,0,0,0,0,0,0,0,0,0,0,0,0,4,0,0,0,0,0,0,0,0,0,0,0,0,0,0,0,1,0,0,0,0,0,0,0,0,0,0,0,0,0,0,0,0,0,0,0,0,0,0,0,0,0
"0284 STR D1 Sema5a Gaba_4",1,0,7,0,0,1,0,4,18,0,0,0,0,0,159,0,0,1,6,0,0,0,0,0,0,0,0,0,0,0,0,0,0,0,4,0,0,0,0,0,1,0,0,0,0,0,0,0,0,0,0,0,0,0,0,0,0,0,0,0,0,0,0,0,0,4,0,0,0,0,0,0,0,0,0,0
"0285 STR-PAL Chst9 Gaba_1",0,0,4,0,0,1,0,1,9,0,0,0,0,0,694,0,0,13,16,0,0,0,0,1,0,0,0,0,0,0,0,0,0,0,6,0,1,0,0,0,3,0,0,0,0,0,0,1,0,0,1,0,0,0,0,0,0,0,0,0,0,0,0,0,0,65,0,0,0,0,0,0,0,0,0,0
"0286 STR-PAL Chst9 Gaba_2",0,0,0,0,0,0,0,1,0,0,0,0,0,0,352,0,0,2,2,0,0,0,0,0,0,0,0,0,0,0,0,0,0,0,0,0,0,0,0,0,3,0,0,0,0,0,0,0,0,0,0,0,0,0,0,0,0,0,0,0,0,0,0,0,0,26,0,0,0,0,0,0,0,0,0,0
"0287 STR-PAL Chst9 Gaba_3",2,0,2,0,0,1,0,1,7,0,0,0,0,0,310,1,0,6,6,0,0,0,0,2,0,0,0,0,0,0,0,0,0,0,1,0,0,0,0,0,2,0,0,0,0,1,0,0,0,0,0,0,0,0,0,0,1,0,0,0,0,1,0,0,0,25,0,0,0,0,0,0,0,0,0,0
"0288 STR-PAL Chst9 Gaba_4",0,0,0,0,0,0,0,0,3,0,0,0,0,0,271,0,0,5,1,0,0,0,0,0,0,0,0,0,0,0,0,0,0,0,1,0,0,0,0,0,1,0,0,0,0,0,0,0,0,0,0,0,0,0,0,0,0,0,0,0,0,0,0,0,0,28,0,0,0,0,0,0,0,0,0,0
"0289 STR-PAL Chst9 Gaba_5",2,0,15,0,1,0,0,0,18,0,0,0,0,0,96,0,0,1,4,0,0,0,0,0,0,1,0,0,0,0,0,0,1,0,3,0,0,0,0,0,1,0,0,0,0,0,0,0,0,0,0,0,0,0,0,0,5,0,0,0,0,0,0,0,0,10,0,0,0,0,0,0,0,0,0,0
"0290 IA Mgp Gaba_1",1,0,6,0,0,0,0,0,1,0,0,0,0,0,38,0,0,2,1,1,0,0,0,0,0,0,0,0,0,0,0,0,0,0,1,0,0,0,0,0,0,0,0,0,0,0,0,0,0,0,0,0,0,0,0,0,0,0,0,0,0,0,0,0,0,3,0,0,0,0,0,0,0,0,0,0
"0291 IA Mgp Gaba_2",1,0,20,0,0,0,0,0,1,0,0,0,0,0,0,0,0,0,1,0,0,0,0,0,0,0,0,0,0,0,0,0,0,0,0,0,0,0,0,0,0,0,0,0,0,0,0,0,0,0,1,0,0,0,0,0,2,0,0,0,0,0,0,0,0,0,0,0,0,0,0,0,0,0,0,0
"0292 IA Mgp Gaba_3",3,0,16,0,0,0,0,0,0,0,0,0,0,0,2,0,0,1,0,0,0,0,0,0,0,0,0,0,0,0,0,0,0,0,0,0,0,0,0,0,0,0,0,0,0,0,0,0,0,0,0,0,0,0,0,0,1,0,0,0,0,0,0,0,0,0,0,0,0,0,0,0,0,0,0,0
"0293 IA Mgp Gaba_4",0,0,1,0,0,0,0,0,0,0,0,0,0,0,0,0,0,0,0,0,0,0,0,0,0,0,0,0,0,0,0,0,0,0,0,0,0,0,0,0,0,0,0,0,0,0,0,0,0,0,0,0,0,0,0,0,1,0,0,0,0,0,0,0,0,0,0,0,0,0,0,0,0,0,0,0
"0294 IA Mgp Gaba_5",5,0,13,0,0,0,0,0,5,0,0,0,0,0,1,0,0,2,1,0,0,0,0,1,0,0,0,0,0,0,0,0,0,0,1,1,0,0,0,0,0,0,0,0,14,0,0,0,0,0,0,0,0,0,0,0,18,0,0,0,0,0,0,0,0,0,0,0,0,0,0,0,0,0,0,0
"0295 NDB-SI-ant Prdm12 Gaba_1",12,0,33,0,0,0,0,0,10,0,0,2,1,13,0,3,0,3,1,8,0,2,0,5,0,1,0,0,0,0,0,1,0,0,3,0,0,0,0,0,0,0,0,0,0,0,0,0,0,0,0,1,0,0,0,0,8,0,0,0,0,0,0,0,0,0,0,0,0,0,0,0,0,0,0,0
"0296 NDB-SI-ant Prdm12 Gaba_2",0,0,0,0,0,0,0,0,0,0,0,0,0,0,0,0,0,0,0,0,0,1,0,1,0,0,0,0,0,0,0,0,0,0,0,0,0,0,0,0,0,0,0,0,0,0,0,0,0,0,0,0,0,0,0,0,1,0,0,0,0,0,0,0,0,0,0,0,0,0,0,0,0,0,0,0
"0297 NDB-SI-ant Prdm12 Gaba_3",3,0,13,1,0,2,0,0,25,0,0,0,1,0,11,0,0,4,10,0,0,0,0,1,0,0,0,0,0,0,0,0,1,0,11,1,0,0,0,0,0,0,0,0,1,0,0,1,0,0,0,1,0,0,0,0,3,0,0,0,0,0,0,0,0,0,0,0,0,0,1,0,0,0,0,0
"0298 NDB-SI-ant Prdm12 Gaba_4",0,0,0,0,0,0,0,0,0,0,0,0,0,0,0,0,0,0,0,0,0,0,0,1,0,0,0,0,0,0,0,0,0,0,0,0,0,0,0,0,0,0,0,0,0,0,0,0,0,0,0,0,0,0,0,0,0,0,0,0,0,0,0,0,0,0,0,0,0,0,0,0,0,0,0,0
"0299 LSX Sall3 Pax6 Gaba_1",3,0,0,0,0,0,0,0,0,0,0,0,0,0,0,0,0,2,0,0,0,2,0,12,0,0,0,0,0,0,0,0,0,0,0,0,0,0,0,0,0,0,0,0,0,1,0,0,0,0,0,0,0,0,0,0,0,0,0,0,0,0,0,0,0,0,0,0,0,0,0,0,0,0,0,0
"0300 LSX Sall3 Pax6 Gaba_2",8,0,0,0,0,0,0,0,1,0,0,0,0,0,0,0,0,1,0,0,0,0,0,34,0,0,0,0,0,0,0,0,0,0,0,0,0,0,0,0,0,0,0,0,0,0,0,0,0,1,0,0,0,0,0,0,1,0,0,0,0,0,0,0,0,0,0,0,0,0,0,0,0,0,0,0
"0301 LSX Otx2 Gaba_1",0,0,0,0,0,0,0,0,0,0,0,0,1,0,0,0,0,0,0,0,0,0,0,14,0,0,0,0,0,0,0,0,2,0,0,0,0,0,0,0,1,0,0,0,0,0,0,0,0,0,0,0,0,0,0,0,2,0,0,0,0,0,0,0,0,0,0,0,0,0,0,0,0,0,0,0
"0302 LSX Otx2 Gaba_2",5,0,1,0,0,0,0,0,1,0,0,1,0,0,0,0,0,3,2,0,0,3,0,38,0,0,0,0,0,0,0,0,1,0,0,0,0,0,0,1,1,0,0,0,0,0,0,0,0,0,0,0,0,0,0,0,3,0,0,0,0,0,0,0,0,1,0,0,0,0,1,0,0,0,0,0
"0303 LSX Otx2 Gaba_3",2,0,4,0,0,0,0,0,0,0,0,1,0,0,0,1,0,0,1,0,0,0,0,18,0,0,0,0,0,0,0,1,1,0,0,0,0,0,0,0,0,0,0,0,0,8,0,0,0,0,0,0,0,0,0,0,4,0,0,0,0,0,0,0,0,0,0,0,0,0,0,0,0,0,0,0
"0304 LSX Otx2 Gaba_4",0,0,0,0,0,0,0,0,0,0,0,1,0,0,0,0,0,1,0,0,0,0,0,1,0,0,0,0,0,0,0,0,0,0,0,0,0,0,0,0,0,0,0,0,0,0,0,0,0,0,0,0,0,0,0,0,2,0,0,0,0,0,0,0,0,0,0,0,0,0,0,0,0,0,0,0
"0305 LSX Otx2 Gaba_5",0,0,0,0,0,0,0,0,0,0,0,0,1,0,0,0,0,0,0,0,0,0,0,1,0,0,0,0,0,0,0,0,0,0,0,0,0,0,0,0,0,0,0,0,0,0,0,0,0,0,0,0,0,0,0,0,1,0,0,0,0,0,0,0,0,0,0,0,0,0,0,0,0,0,0,0
"0306 LSX Nkx2-1 Gaba_1",0,0,1,0,0,0,0,0,0,0,0,0,0,0,0,0,0,0,0,0,0,0,0,2,0,0,0,0,0,0,0,0,0,0,0,0,0,0,0,0,0,0,0,0,0,0,0,0,0,0,0,0,0,0,0,0,0,0,0,0,0,0,0,0,0,0,0,0,0,0,0,0,0,0,0,0
"0307 LSX Nkx2-1 Gaba_2",1,0,0,0,0,0,0,0,0,0,0,0,0,0,0,0,0,0,0,0,0,0,0,9,0,0,0,0,0,0,0,0,0,0,0,0,0,0,0,0,0,0,0,0,0,0,0,0,0,0,0,0,0,0,0,0,0,0,0,0,0,0,0,0,0,0,0,0,0,0,0,0,0,0,0,0
"0308 LSX Nkx2-1 Gaba_3",8,0,10,0,2,0,2,0,0,0,0,2,5,0,0,1,1,0,1,0,0,1,0,15,0,2,0,1,0,0,0,1,0,0,0,0,0,0,0,0,4,0,0,0,0,8,0,0,0,0,0,0,0,0,0,0,4,0,0,0,0,0,0,0,0,0,0,0,0,0,0,0,0,0,0,0
"0309 LSX Nkx2-1 Gaba_4",1,0,6,0,0,0,0,0,0,0,0,0,0,0,0,0,0,0,0,0,0,0,0,2,0,0,0,0,0,0,0,0,0,0,0,0,0,0,0,0,0,0,0,0,0,0,0,0,0,0,0,0,0,0,0,0,1,0,0,0,0,0,0,0,0,0,0,0,0,0,0,0,0,0,0,0
"0310 LSX Nkx2-1 Gaba_5",0,0,2,1,1,0,0,0,0,0,0,0,0,0,0,0,0,0,0,0,0,0,0,1,0,0,0,0,0,0,0,0,0,0,1,0,0,0,0,0,0,0,0,0,0,0,0,0,0,0,0,0,0,0,0,0,2,0,0,0,0,0,0,0,0,0,0,0,0,0,0,0,0,0,0,0
"0311 LSX Nkx2-1 Gaba_6",0,0,0,0,0,0,0,0,0,0,0,0,0,0,0,0,0,0,1,0,0,0,0,0,0,0,0,0,0,0,0,0,0,0,0,0,0,0,0,0,0,0,0,0,0,0,0,0,0,0,0,0,0,0,0,0,1,0,0,0,0,0,0,0,0,0,0,0,0,0,0,0,0,0,0,0
"0312 LSX Nkx2-1 Gaba_7",0,0,2,0,0,0,0,0,1,0,0,1,0,0,0,0,0,0,0,0,0,0,0,1,0,0,0,0,0,0,0,0,0,0,0,0,0,0,0,0,0,0,0,0,0,0,0,0,0,0,0,0,0,0,0,0,0,0,0,0,0,0,0,0,0,0,0,0,0,0,0,0,0,0,0,0
"0314 LSX Nkx2-1 Gaba_9",1,0,0,0,0,0,0,0,0,0,0,0,0,0,0,0,0,0,0,0,0,0,0,4,0,0,0,0,0,0,0,0,0,0,0,0,0,0,0,0,0,0,0,0,0,0,0,0,0,0,0,0,0,0,0,0,0,0,0,0,0,0,0,0,0,0,0,0,0,0,0,0,0,0,0,0
"0315 LSX Nkx2-1 Gaba_10",0,0,0,0,0,0,0,0,0,0,0,0,0,0,0,0,0,0,0,0,0,0,0,2,0,0,0,0,0,0,0,0,0,0,0,0,0,0,0,0,0,0,0,0,0,0,0,0,0,0,0,0,0,0,0,0,0,0,0,0,0,0,0,0,0,0,0,0,0,0,0,0,0,0,0,0
"0317 LSX Prdm12 Slit2 Gaba_1",5,0,3,0,0,1,0,0,5,0,0,0,0,1,4,0,0,2,1,0,0,1,0,3,0,0,0,0,1,1,0,0,0,0,4,0,0,0,0,0,0,0,0,0,0,1,0,0,0,0,0,0,0,0,0,0,2,0,0,0,0,0,0,0,0,0,0,0,0,0,0,0,0,0,0,0
"0318 LSX Prdm12 Slit2 Gaba_2",0,0,5,0,0,1,0,0,0,0,0,0,0,0,0,0,0,0,0,0,0,0,0,1,0,0,0,0,0,0,0,0,0,0,0,0,0,0,0,0,0,1,0,0,0,0,0,0,0,0,0,0,0,0,0,0,1,0,0,0,0,0,0,0,0,0,0,0,0,0,0,0,0,0,0,0
"0319 LSX Prdm12 Slit2 Gaba_3",0,0,0,0,0,0,0,0,0,0,0,0,0,0,0,0,0,0,0,0,0,0,0,2,0,0,0,0,0,0,0,0,0,0,0,0,0,0,0,0,0,0,0,0,0,0,0,0,0,0,0,0,0,0,0,0,1,0,0,0,0,0,0,0,0,0,0,0,0,0,0,0,0,0,0,0
"0320 LSX Prdm12 Slit2 Gaba_4",0,0,0,0,0,0,0,0,0,0,0,0,0,0,0,0,0,0,0,0,0,0,0,0,0,0,0,0,0,0,0,0,0,0,0,0,0,0,0,0,0,0,0,0,0,0,0,0,0,0,0,0,0,0,0,0,1,0,0,0,0,0,0,0,0,0,0,0,0,0,0,0,0,0,0,0
"0321 LSX Prdm12 Slit2 Gaba_5",0,0,1,0,0,0,0,0,0,0,0,0,0,0,0,0,0,0,0,0,0,0,0,2,0,0,0,0,0,0,0,0,0,0,0,0,0,0,0,0,0,0,0,0,0,0,0,0,0,0,0,0,0,0,0,0,0,0,0,0,0,0,0,0,0,0,0,0,0,0,0,0,0,0,0,0
"0322 LSX Prdm12 Slit2 Gaba_6",0,0,1,0,0,0,0,0,0,0,0,0,0,0,0,0,0,0,0,0,0,0,0,16,0,0,0,0,0,0,0,0,0,0,0,0,0,0,0,0,0,0,0,0,0,0,0,0,0,0,0,0,0,0,0,0,0,0,0,0,0,0,0,0,0,0,0,0,0,0,0,0,0,0,0,0
"0323 LSX Prdm12 Slit2 Gaba_7",0,0,0,0,0,0,0,0,0,0,0,0,0,0,0,0,0,0,0,0,0,0,0,0,0,0,0,0,0,0,0,0,0,0,0,0,0,0,0,0,0,0,0,0,0,0,0,0,0,0,0,0,0,0,0,0,0,0,0,0,0,0,0,0,0,1,0,0,0,0,0,0,0,0,0,0
"0324 LSX Prdm12 Slit2 Gaba_8",1,0,0,0,0,0,0,0,0,0,0,0,0,0,0,0,0,1,0,0,0,0,0,10,0,0,0,0,0,0,0,0,0,0,0,0,1,0,0,0,0,0,0,0,0,0,0,0,0,0,0,0,0,0,0,0,0,0,0,0,0,0,0,0,0,0,0,0,0,0,0,0,0,0,0,0
"0325 LSX Prdm12 Slit2 Gaba_9",0,0,0,0,0,0,0,0,1,0,0,0,0,0,0,0,0,0,0,0,0,0,0,0,0,0,0,0,0,0,0,0,0,0,0,0,0,0,0,0,0,0,0,0,0,0,0,0,0,0,0,0,0,0,0,0,0,0,0,0,0,0,0,0,0,0,0,0,0,0,0,0,0,0,0,0
"0326 LSX Prdm12 Zeb2 Gaba_1",0,0,2,0,0,0,0,0,0,0,0,0,0,0,0,0,0,1,0,0,0,0,0,10,0,0,0,0,0,0,0,0,0,0,0,0,0,0,0,0,0,0,0,0,0,0,0,0,0,0,0,0,0,0,0,0,2,0,0,0,0,0,0,0,0,0,0,0,0,0,0,0,0,0,0,0
"0327 LSX Prdm12 Zeb2 Gaba_2",0,0,0,0,0,0,0,0,0,0,0,0,0,0,0,0,0,0,0,0,0,0,0,5,0,0,0,0,0,0,0,0,0,0,0,0,0,0,0,0,0,0,0,0,0,0,0,0,0,0,0,0,0,0,0,0,0,0,0,0,0,0,0,0,0,0,0,0,0,0,0,0,0,0,0,0
"0328 LSX Prdm12 Zeb2 Gaba_3",0,0,0,0,0,0,0,0,0,0,0,0,0,0,0,0,0,0,0,0,0,0,0,12,0,0,0,0,0,0,0,0,1,0,0,0,0,0,0,0,0,0,0,0,0,1,0,0,0,0,0,0,0,0,0,0,0,0,0,0,0,0,0,0,0,0,0,0,0,0,0,0,0,0,0,0
"0329 LSX Prdm12 Zeb2 Gaba_4",0,0,0,0,0,0,0,0,0,0,0,0,0,0,0,0,0,0,0,0,0,0,0,1,0,0,0,0,0,0,0,0,0,0,0,0,0,0,0,0,0,0,0,0,0,0,0,0,0,0,0,0,0,0,0,0,0,0,0,0,0,0,0,0,0,0,0,0,0,0,0,0,0,0,0,0
"0330 LSX Prdm12 Zeb2 Gaba_5",0,0,0,0,0,0,0,0,0,0,0,0,0,0,1,0,0,0,1,0,0,0,0,1,0,0,0,0,0,0,0,0,0,0,0,0,0,0,0,0,0,0,0,0,0,0,0,0,0,0,0,0,0,0,0,0,1,0,0,0,0,0,0,0,0,0,0,0,0,0,0,0,0,0,0,0
"0331 LSX Sall3 Lmo1 Gaba_1",0,0,0,0,0,0,0,0,0,0,0,0,0,0,0,0,0,0,0,0,0,0,0,5,0,0,0,0,0,0,0,0,0,0,0,0,0,0,0,0,0,0,0,0,0,0,0,0,0,0,0,0,0,0,0,0,2,0,0,0,0,0,0,0,0,0,0,0,0,0,0,0,0,0,0,0
"0332 LSX Sall3 Lmo1 Gaba_2",0,0,0,0,0,0,0,0,0,0,0,0,0,0,0,0,0,0,0,0,0,0,0,3,0,0,0,0,0,0,0,0,0,0,0,0,0,0,0,0,0,0,0,0,0,0,0,0,0,0,0,0,0,0,0,0,0,0,0,0,0,0,0,0,0,0,0,0,0,0,0,0,0,0,0,0
"0335 LSX Sall3 Lmo1 Gaba_5",0,0,1,0,0,0,0,0,0,0,0,0,0,0,0,0,0,0,1,0,0,0,0,5,0,0,0,0,0,0,0,0,0,0,0,0,0,0,0,0,0,0,0,0,0,0,0,0,0,0,0,0,0,0,0,0,0,0,0,0,0,0,0,0,0,0,0,0,0,0,0,0,0,0,0,0
"0336 LSX Sall3 Lmo1 Gaba_6",0,0,2,0,0,0,0,0,0,0,0,0,0,0,0,0,0,0,0,0,0,0,0,4,0,0,0,0,0,0,0,0,0,0,0,0,0,0,0,0,0,0,0,0,0,0,0,0,0,0,0,0,0,0,0,0,1,0,0,0,0,0,0,0,0,0,0,0,0,0,0,0,0,0,0,0
"0337 MEA-BST Sox6 Gaba_1",4,0,0,0,0,0,0,0,2,0,0,0,0,0,0,1,0,1,1,0,0,22,0,1,0,1,0,1,0,0,0,1,0,0,0,0,0,0,0,0,0,0,0,0,0,0,0,0,2,0,0,0,0,0,0,0,41,0,0,0,0,0,0,0,0,0,0,0,0,0,0,0,0,0,0,0
"0338 MEA-BST Sox6 Gaba_2",18,0,4,0,0,0,0,0,2,0,0,2,1,0,1,0,0,4,4,0,0,2,2,9,0,5,0,0,0,0,1,0,2,0,4,1,0,1,0,0,0,0,0,0,0,0,0,0,2,0,0,0,0,0,0,0,151,0,0,0,1,0,0,0,0,0,0,0,0,0,0,0,0,0,0,0
"0339 MEA-BST Sox6 Gaba_3",25,0,3,0,1,0,0,0,5,0,0,1,2,0,0,4,0,5,6,2,0,6,0,4,0,0,0,0,0,2,0,0,1,0,14,1,0,0,0,0,8,0,0,0,112,0,0,0,0,0,0,1,0,0,0,1,36,0,0,0,1,0,0,0,0,0,0,0,0,0,0,0,0,0,0,0
"0340 MEA-BST Sox6 Gaba_4",9,0,4,0,1,0,0,0,4,0,0,0,0,0,1,1,0,1,1,0,0,1,0,1,0,10,0,0,0,0,0,0,0,0,3,0,2,0,0,0,5,0,0,0,2,0,0,0,0,0,0,0,0,0,0,0,91,0,0,0,1,0,0,0,0,0,0,0,0,0,0,0,0,0,0,0
"0341 MEA-BST Sox6 Gaba_5",16,0,0,0,1,0,0,0,2,0,0,2,1,0,0,2,0,6,1,0,0,1,0,5,0,8,0,1,0,0,0,1,1,0,3,0,0,0,0,0,2,0,0,0,0,0,0,1,0,0,0,0,0,0,0,0,138,0,0,0,0,0,0,0,0,0,0,0,0,0,0,0,0,0,0,0
"0342 MEA-BST Sox6 Gaba_6",20,0,18,1,4,1,0,2,9,0,0,1,0,0,3,1,0,8,9,0,0,1,0,1,0,23,1,0,0,0,0,0,2,0,6,2,0,2,0,0,6,0,1,0,17,0,0,0,0,0,0,0,0,0,0,0,113,0,1,0,1,0,0,0,0,0,0,0,0,0,0,0,0,0,0,0
"0343 MEA-BST Sox6 Gaba_7",30,0,5,1,3,0,0,1,3,0,0,1,0,0,0,0,0,2,10,1,0,0,0,1,0,2,0,1,0,0,0,0,1,0,4,2,0,0,0,0,4,0,0,0,0,0,0,0,0,0,0,0,0,0,0,0,257,0,0,0,0,0,0,0,0,0,0,0,0,0,0,0,0,0,0,0
"0344 MEA-BST Sox6 Gaba_8",4,0,0,0,1,0,0,0,0,0,0,0,1,0,0,0,0,0,0,0,0,2,0,0,0,1,0,2,0,0,0,0,1,0,0,0,0,0,0,0,0,0,0,0,0,0,0,0,0,0,0,0,0,0,0,0,24,0,0,0,0,0,0,0,0,0,0,0,0,0,0,0,0,0,0,0
"0345 MEA-BST Sox6 Gaba_9",3,0,1,0,0,0,0,0,1,0,0,0,0,0,1,3,0,1,1,0,0,64,0,2,0,0,0,0,0,0,0,0,0,0,2,0,0,0,0,0,0,0,0,0,1,0,0,0,2,0,0,0,0,0,0,0,2,0,0,0,0,0,0,0,0,0,0,0,0,0,0,0,0,0,0,0
"0346 MEA-BST Sox6 Gaba_10",9,0,1,1,0,0,0,0,2,0,0,0,0,0,0,0,0,2,2,0,0,76,0,9,0,0,0,0,0,0,0,0,0,0,1,0,0,0,0,0,0,0,1,0,0,0,0,0,0,0,0,0,0,0,0,0,1,0,0,0,0,0,0,0,0,0,0,0,0,0,0,0,0,0,0,0
"0347 MEA-BST Lhx6 Sp9 Gaba_1",17,0,4,0,0,0,0,0,2,0,0,0,0,0,1,0,0,0,5,0,0,0,0,1,0,4,0,0,0,0,0,0,0,0,0,0,0,2,0,0,1,0,1,0,0,0,0,0,0,0,0,0,0,0,0,0,175,0,0,0,0,0,0,0,0,0,0,0,0,0,0,0,0,0,0,0
"0348 MEA-BST Lhx6 Sp9 Gaba_2",14,0,1,0,3,0,0,0,3,0,0,0,0,0,0,1,0,2,6,0,0,0,0,8,0,0,0,0,0,0,0,2,0,0,2,0,0,0,0,0,4,0,1,0,0,2,0,0,0,0,0,0,0,0,0,0,164,0,0,0,0,0,0,0,0,0,0,0,0,0,0,0,0,0,0,0
"0349 MEA-BST Lhx6 Sp9 Gaba_3",8,0,1,0,1,0,0,0,1,0,0,0,0,0,0,86,0,3,1,0,0,0,0,0,0,0,0,0,0,0,0,0,0,0,1,0,0,0,0,0,0,0,0,0,0,0,0,0,0,0,0,0,0,0,0,0,11,0,0,0,0,0,0,0,0,0,0,0,0,0,0,0,0,0,0,0
"0350 MEA-BST Lhx6 Sp9 Gaba_4",15,0,3,0,0,0,0,0,4,0,0,0,0,0,0,10,0,2,2,0,0,0,0,0,0,1,0,0,0,0,0,0,0,0,4,0,0,0,0,0,1,0,0,0,0,0,0,0,0,0,0,0,0,0,0,0,72,0,0,0,0,0,0,0,0,0,0,0,0,0,0,0,0,0,0,0
"0351 MEA-BST Lhx6 Sp9 Gaba_5",20,0,21,0,1,0,0,1,1,0,0,0,2,0,0,8,0,5,3,0,0,0,0,1,0,1,0,0,0,0,0,0,1,0,0,0,1,0,0,0,1,0,0,0,0,1,0,0,0,0,0,0,0,0,0,0,99,0,0,0,0,0,0,0,0,0,0,0,0,0,0,0,0,0,0,0
"0352 MEA-BST Lhx6 Sp9 Gaba_6",7,0,1,0,0,0,0,1,1,0,0,0,0,0,0,0,0,5,2,0,0,1,0,0,0,1,0,0,0,0,0,0,0,0,0,0,0,0,0,0,1,0,0,0,0,0,0,0,0,0,0,0,0,0,0,0,85,0,0,0,0,0,0,0,0,0,0,0,0,0,0,0,0,0,0,0
"0353 MEA-BST Lhx6 Sp9 Gaba_7",22,0,6,1,3,0,0,0,1,0,0,3,3,0,1,0,0,4,2,0,0,2,1,26,0,3,1,0,0,0,0,9,4,0,2,0,0,0,0,0,2,0,1,0,0,5,0,0,0,0,0,0,0,0,0,0,146,0,0,0,0,0,0,0,0,0,0,2,0,0,0,0,0,0,0,0
"0354 MEA-BST Lhx6 Nr2e1 Gaba_1",5,0,4,0,1,0,1,0,1,0,0,0,0,0,0,10,0,2,2,0,0,0,0,3,0,2,0,0,0,0,0,2,0,0,0,0,0,0,0,0,1,0,0,0,0,1,0,0,0,0,0,0,0,0,0,0,54,0,0,0,0,0,0,0,0,0,0,0,0,0,0,0,0,0,0,0
"0355 MEA-BST Lhx6 Nr2e1 Gaba_2",35,0,3,0,0,0,1,1,5,0,0,1,2,0,0,137,0,1,9,1,0,0,0,5,0,0,0,1,1,1,0,3,0,0,4,1,0,0,0,0,1,0,0,0,0,0,0,1,0,0,0,0,0,0,0,0,11,0,0,0,0,0,0,0,0,0,0,0,0,0,1,0,0,0,0,0
"0356 MEA-BST Lhx6 Nr2e1 Gaba_3",0,0,0,0,0,0,0,0,0,0,0,0,0,0,0,37,0,0,1,0,0,0,0,0,0,0,0,0,0,0,0,1,0,0,0,0,0,0,0,0,0,0,0,0,0,0,0,0,0,0,0,0,0,0,0,0,3,0,0,0,0,0,0,0,0,0,0,0,0,0,0,0,0,0,0,0
"0357 MEA-BST Lhx6 Nfib Gaba_1",19,0,0,0,3,0,0,0,2,0,0,1,0,0,1,0,0,4,2,0,0,0,0,3,0,0,0,0,0,0,0,0,0,0,1,0,0,0,0,0,4,0,0,0,0,9,0,0,0,0,0,0,0,0,0,0,179,1,0,0,0,0,0,0,0,0,0,0,0,0,0,0,0,0,0,0
"0358 MEA-BST Lhx6 Nfib Gaba_2",30,0,0,0,0,0,0,0,1,0,0,0,0,0,0,1,0,5,7,0,0,0,0,0,0,1,0,0,0,0,0,0,0,0,2,0,0,0,0,0,1,0,0,0,0,0,1,0,0,0,0,0,0,0,0,0,268,0,0,0,0,0,1,0,0,1,0,0,0,0,0,0,0,0,0,0
"0359 MEA-BST Lhx6 Nfib Gaba_3",14,0,0,0,0,0,0,1,1,0,0,0,0,0,0,0,0,3,1,0,0,0,0,0,0,0,0,0,0,0,0,0,0,0,0,0,0,0,0,0,0,0,0,0,0,0,0,0,0,0,0,0,0,0,0,0,91,0,0,0,0,0,0,0,0,0,0,0,0,0,0,0,0,0,0,0
"0360 MEA-BST Lhx6 Nfib Gaba_4",2,0,0,0,0,0,0,0,1,0,0,0,0,0,0,0,0,0,0,0,0,0,0,3,0,0,0,0,0,0,0,0,0,0,0,0,1,0,0,0,0,1,0,0,0,11,0,0,0,0,0,0,0,0,0,0,23,0,0,0,0,0,0,0,0,0,0,0,0,0,0,0,0,0,0,0
"0361 MEA-BST Lhx6 Nfib Gaba_5",23,0,0,0,0,0,0,0,0,0,0,0,0,0,0,1,0,5,6,0,0,0,0,9,0,0,0,0,0,0,0,0,1,0,0,0,0,0,0,0,2,0,0,0,0,3,0,0,0,0,0,0,0,0,0,0,199,0,0,0,0,0,0,0,0,0,0,0,0,0,0,0,0,0,0,0
"0362 MEA-BST Lhx6 Nfib Gaba_6",8,0,2,0,0,0,1,0,0,0,0,0,0,0,0,23,0,8,3,0,0,0,0,27,0,0,0,0,0,1,0,1,1,0,3,0,0,0,0,0,1,0,0,0,0,1,0,1,0,0,0,0,0,0,0,0,97,0,0,0,0,0,0,0,0,0,0,1,0,0,0,0,0,0,0,0
"0363 CEA-BST Gal Avp Gaba_1",4,0,1,0,0,0,1,0,0,0,0,0,1,0,0,0,0,2,0,0,0,0,0,0,0,0,0,0,0,0,0,37,0,0,0,0,0,0,0,0,0,0,0,0,0,0,0,0,0,0,0,0,0,0,0,0,0,0,0,0,0,0,0,0,0,0,0,0,0,0,0,0,0,0,0,0
"0364 SI-MA-ACB Ebf1 Bnc2 Gaba_1",2,0,26,0,0,2,0,0,4,0,0,0,7,2,1,0,0,0,1,0,0,0,0,2,0,0,0,0,0,0,0,1,0,0,0,0,0,0,0,0,0,0,0,0,0,0,0,0,0,0,0,0,0,0,0,0,0,0,0,0,0,0,0,0,0,0,0,1,0,0,0,0,0,0,0,0
"0365 SI-MA-ACB Ebf1 Bnc2 Gaba_2",3,0,12,0,0,1,1,0,1,0,0,1,14,0,0,0,0,0,1,0,0,0,0,2,0,0,0,0,0,0,0,0,1,0,0,0,0,0,0,0,0,0,0,0,0,0,0,0,0,0,0,0,0,0,0,0,1,0,0,0,0,0,0,0,0,0,0,0,0,0,0,1,0,0,0,0
"0366 SI-MA-ACB Ebf1 Bnc2 Gaba_3",4,0,15,0,0,0,0,0,1,0,0,0,3,2,0,0,0,0,2,0,0,3,0,1,0,0,0,0,0,0,0,1,1,0,4,0,0,1,0,1,2,0,0,0,0,0,0,0,0,0,0,1,0,0,0,0,1,0,0,0,0,0,0,0,0,0,0,1,0,0,0,0,0,0,0,0
"0367 CEA-BST Six3 Cyp26b1 Gaba_1",14,0,68,0,0,0,0,2,4,0,0,0,0,0,0,0,0,0,2,0,0,0,0,0,0,1,0,0,0,0,0,0,0,0,1,0,0,1,0,0,1,0,0,0,0,0,0,0,0,0,0,0,0,0,0,0,2,0,0,0,0,0,0,0,0,0,0,0,0,0,0,0,0,0,0,0
"0368 CEA-BST Six3 Cyp26b1 Gaba_2",4,0,123,0,0,0,0,0,4,0,0,0,0,0,0,0,0,1,5,0,0,0,0,0,0,0,0,0,0,0,0,0,0,0,1,0,0,0,0,0,0,0,0,0,0,0,0,0,0,0,0,0,0,0,0,0,0,0,0,0,0,0,0,0,0,0,0,0,0,0,0,0,0,0,0,0
"0369 CEA-BST Six3 Cyp26b1 Gaba_3",8,0,61,0,0,0,0,1,0,0,0,0,0,0,0,1,0,1,3,0,0,0,0,0,0,0,0,0,0,0,0,0,0,0,0,0,0,0,0,0,1,0,0,0,0,0,0,0,0,0,0,0,0,0,0,0,1,0,0,0,0,0,0,0,0,0,0,0,0,0,0,0,0,0,0,0
"0370 CEA-BST Six3 Cyp26b1 Gaba_4",5,0,65,0,0,0,0,0,2,0,0,0,0,0,0,0,0,2,0,0,0,0,0,0,0,0,0,0,0,0,0,0,0,0,0,0,0,0,0,0,1,0,0,0,0,0,0,0,0,0,0,0,0,0,0,0,0,0,0,0,0,0,0,0,0,0,0,0,0,0,0,0,0,0,0,0
"0371 CEA-BST Six3 Cyp26b1 Gaba_5",2,0,43,0,0,4,0,66,9,0,0,0,0,0,0,0,0,2,3,0,0,0,1,0,0,0,0,0,0,0,0,0,0,0,1,0,0,0,0,0,0,0,0,0,0,0,0,0,0,0,0,0,0,0,0,0,1,0,0,0,0,0,0,0,0,0,0,0,0,0,0,0,0,0,0,0
"0372 CEA-BST Six3 Cyp26b1 Gaba_6",6,0,30,0,0,0,0,1,3,0,0,0,0,0,0,0,0,1,3,0,0,0,0,0,0,0,1,0,0,0,0,1,0,0,0,0,0,0,0,0,1,0,0,0,0,0,0,0,0,0,0,0,0,0,0,0,4,0,0,0,0,0,0,0,0,0,0,0,0,0,0,0,0,0,0,0
"0373 CEA-AAA-BST Six3 Sp9 Gaba_1",24,0,24,0,3,0,0,0,13,0,0,5,2,1,6,0,0,12,15,0,0,3,0,3,0,5,0,1,0,0,0,0,0,0,6,0,0,0,0,0,2,0,1,0,1,0,0,0,0,0,0,0,0,1,0,0,208,0,0,0,1,0,0,0,0,2,0,2,0,0,1,0,0,0,0,2
"0374 CEA-AAA-BST Six3 Sp9 Gaba_2",33,0,251,0,1,0,0,2,22,0,0,0,1,1,17,0,0,8,9,0,0,0,0,1,0,1,0,0,0,0,0,0,1,0,3,0,0,1,0,1,4,0,3,1,0,0,0,0,0,0,0,0,0,0,0,0,11,0,0,0,0,0,0,0,0,2,0,0,0,0,0,0,0,0,0,0
"0375 CEA-AAA-BST Six3 Sp9 Gaba_3",6,0,24,0,0,0,0,0,0,0,0,0,0,0,0,0,0,0,1,0,0,0,0,0,0,0,0,0,0,0,0,0,0,0,0,0,0,0,0,0,0,0,1,0,0,0,0,0,0,0,0,0,0,0,0,0,16,0,0,0,0,0,0,0,0,0,0,0,0,0,0,0,0,0,0,0
"0376 CEA-AAA-BST Six3 Sp9 Gaba_4",7,0,84,0,0,3,0,31,14,0,0,0,0,0,1,0,0,2,4,0,0,0,0,1,0,0,0,1,0,0,0,0,0,0,1,0,0,0,0,0,0,0,0,0,0,0,0,0,0,0,2,0,0,0,0,0,4,0,0,0,0,0,0,0,0,0,0,0,0,0,0,0,0,0,0,0
"0377 CEA-AAA-BST Six3 Sp9 Gaba_5",5,0,26,0,0,0,0,0,1,0,0,0,0,0,3,0,0,0,0,0,0,0,0,0,0,1,0,0,0,0,0,0,0,0,0,0,0,0,0,0,1,0,0,0,0,0,0,0,0,0,0,0,0,0,0,0,7,0,0,0,0,0,0,0,0,0,0,0,0,0,0,0,0,0,0,0
"0378 CEA-AAA-BST Six3 Sp9 Gaba_6",4,0,48,0,0,0,0,0,4,0,0,0,0,0,0,0,0,3,0,0,0,1,0,1,0,0,0,0,0,0,0,0,0,0,1,0,0,0,0,0,0,0,0,0,0,0,0,0,0,0,0,0,0,0,0,0,4,0,0,0,0,0,0,0,0,0,0,0,0,0,0,0,0,0,0,0
"0379 CEA-AAA-BST Six3 Sp9 Gaba_7",0,0,6,0,1,0,0,0,0,0,0,0,0,0,0,0,0,0,0,0,0,0,0,1,0,0,0,0,0,0,0,0,0,0,0,0,0,0,0,0,0,0,0,0,0,0,0,0,0,0,0,0,0,0,0,0,7,0,0,0,0,0,0,0,0,0,0,0,0,0,0,0,0,0,0,0
"0380 CEA-AAA-BST Six3 Sp9 Gaba_8",9,0,46,0,0,0,0,0,0,0,0,0,0,0,1,0,0,0,2,1,0,0,0,0,0,1,0,0,0,0,0,0,0,0,0,0,0,0,0,0,0,0,0,0,0,0,0,0,0,0,0,0,0,0,0,0,1,0,0,0,0,0,0,0,0,0,0,0,0,0,0,0,0,0,0,0
"0381 ACB-BST-FS D1 Gaba_1",1,0,30,0,0,4,0,3,2,0,0,0,0,0,0,0,0,0,2,0,0,0,0,0,0,0,0,0,0,0,0,0,0,0,0,0,0,0,0,0,0,0,0,0,0,0,0,0,0,0,0,0,0,0,0,0,1,0,0,0,0,0,0,0,0,0,0,0,0,0,0,0,0,0,0,0
"0382 ACB-BST-FS D1 Gaba_2",8,0,102,0,0,7,0,1,34,0,0,0,1,0,1,0,0,5,8,0,0,0,0,2,0,0,0,0,0,0,0,0,0,0,4,0,0,0,0,0,2,0,0,0,0,0,0,0,0,0,3,0,0,0,0,0,3,0,0,0,0,0,0,0,0,0,0,0,0,0,0,0,0,0,0,0
"0383 ACB-BST-FS D1 Gaba_3",8,0,58,0,2,0,1,0,6,0,0,1,0,0,0,1,0,1,6,0,0,0,0,1,0,3,0,0,0,0,0,0,0,0,3,0,0,2,0,0,1,0,0,0,0,2,0,0,0,0,0,1,0,0,0,0,6,0,0,0,1,0,0,0,1,0,0,1,0,0,0,0,0,0,0,0
"0384 CEA-BST Ebf1 Pdyn Gaba_1",55,0,432,0,1,3,0,2,47,0,0,0,0,0,3,0,0,10,15,2,0,1,0,0,0,0,0,0,0,0,0,0,0,0,6,1,0,1,0,0,6,0,0,0,1,0,0,0,0,0,0,0,0,0,0,0,2,0,0,0,0,0,0,0,0,0,0,0,0,0,0,0,0,0,0,0
"0385 CEA-BST Ebf1 Pdyn Gaba_2",6,0,93,0,0,0,0,0,1,0,0,0,0,0,1,0,0,1,2,0,0,0,0,0,0,0,0,0,0,0,0,0,0,0,0,0,0,0,0,0,0,0,0,0,0,1,0,0,0,0,0,0,0,0,0,0,1,0,0,0,0,0,0,0,0,0,0,0,0,0,0,0,0,0,0,0
"0386 CEA-BST Ebf1 Pdyn Gaba_3",13,0,99,0,0,0,0,0,7,0,0,0,0,0,0,0,0,1,4,0,0,0,0,0,0,1,0,0,0,0,0,0,0,0,0,0,0,0,0,0,3,0,0,0,0,0,0,0,0,0,0,0,0,0,0,0,0,0,0,0,0,0,0,0,0,0,0,0,0,0,0,0,0,0,0,0
"0387 CEA-BST Ebf1 Pdyn Gaba_4",3,0,41,0,0,0,0,0,1,0,0,0,0,0,0,0,0,1,1,0,0,0,0,1,0,0,0,0,0,0,0,0,0,0,0,0,0,0,0,0,0,0,0,0,0,0,0,0,0,0,0,0,0,0,0,0,0,0,0,0,0,0,0,0,0,0,0,0,0,0,0,0,0,0,0,0
"0388 CEA-BST Ebf1 Pdyn Gaba_5",2,0,34,0,0,0,0,0,0,0,0,0,0,0,0,0,0,0,0,0,0,0,0,0,0,0,0,0,0,0,0,0,0,0,0,0,0,0,0,0,0,0,0,0,0,0,0,0,0,0,0,0,0,0,0,0,3,0,0,0,0,0,0,0,0,0,0,0,0,0,0,0,0,0,0,0
"0389 CEA-BST Ebf1 Pdyn Gaba_6",5,0,56,0,0,0,0,0,0,0,0,0,0,0,1,0,0,1,2,0,0,0,0,0,0,0,0,0,0,0,0,0,0,0,0,0,0,0,0,0,1,0,0,0,0,2,0,0,0,0,0,0,0,0,0,0,3,0,0,0,0,0,0,0,0,0,0,0,0,0,0,0,0,0,0,0
"0390 CEA-BST Ebf1 Pdyn Gaba_7",5,0,48,0,3,0,1,0,1,0,0,0,2,0,0,0,0,0,3,0,0,1,0,1,0,2,0,0,0,0,0,0,0,0,0,0,0,0,0,0,0,0,0,0,0,0,0,0,0,0,0,0,0,0,0,0,1,0,0,0,0,0,0,0,0,0,0,1,0,0,0,0,0,0,0,0
"0391 CEA-BST Ebf1 Pdyn Gaba_8",0,0,28,0,0,0,0,0,0,0,0,0,0,0,0,0,0,1,0,1,0,0,0,1,0,0,0,0,0,0,0,0,0,0,0,0,0,0,0,0,0,0,0,0,0,0,0,0,0,0,0,0,0,0,0,0,0,0,0,0,0,0,0,0,0,0,0,0,0,0,0,0,0,0,0,0
"0392 CEA-BST Rai14 Pdyn Crh Gaba_1",1,0,43,0,0,0,0,2,5,0,0,0,0,0,0,0,0,2,4,0,0,0,0,0,0,0,0,0,0,0,0,0,0,0,0,0,0,0,0,0,0,0,0,0,0,0,0,0,0,0,0,0,0,0,0,0,1,0,0,0,0,0,0,0,0,0,0,0,0,0,0,0,0,0,0,0
"0393 CEA-BST Rai14 Pdyn Crh Gaba_2",4,0,33,0,0,0,3,0,3,0,0,0,1,0,0,0,0,1,1,0,0,0,0,3,0,0,0,0,0,0,0,3,1,0,2,0,0,0,0,0,0,0,0,0,0,0,0,0,0,0,0,0,0,0,0,0,1,0,0,0,0,0,0,0,0,0,0,0,0,0,0,0,0,0,0,0
"0394 BST-SI-AAA Six3 Slc22a3 Gaba_1",10,0,116,0,0,0,0,0,3,0,0,0,4,1,1,1,0,6,2,0,0,0,0,2,0,1,0,0,0,0,0,0,0,0,3,0,1,0,0,0,2,0,0,0,0,2,0,0,0,0,0,0,0,0,0,0,3,0,0,0,0,0,0,0,0,0,0,0,0,0,0,0,0,0,0,1
"0395 BST-SI-AAA Six3 Slc22a3 Gaba_2",12,0,69,0,0,0,0,0,6,0,0,0,6,2,1,0,0,0,3,0,0,1,0,0,0,0,0,0,0,0,0,0,0,0,0,1,0,0,0,0,0,0,0,0,0,0,0,0,0,0,0,0,0,0,0,0,4,0,0,0,0,0,0,0,0,0,0,0,0,0,0,0,0,0,0,0
"0396 SI-MPO-LPO Lhx8 Gaba_1",21,0,7,2,0,0,2,0,8,0,0,0,11,0,1,8,0,6,6,45,0,1,0,2,0,0,0,0,0,0,0,0,0,0,7,2,0,0,0,326,1,1,2,0,0,1,0,0,0,0,0,5,1,0,0,0,2,0,0,0,0,0,0,0,1,0,1,1,0,0,0,0,0,0,0,0
"0397 SI-MPO-LPO Lhx8 Gaba_2",19,1,45,4,2,0,0,0,2,0,0,1,19,1,0,0,1,3,5,4,0,1,0,8,0,0,0,0,0,0,1,37,2,0,4,0,1,1,0,24,3,1,0,0,0,29,0,0,0,0,0,2,0,0,0,0,10,1,0,0,0,0,0,0,0,0,0,3,0,0,0,0,0,0,0,0
"0398 SI-MPO-LPO Lhx8 Gaba_3",10,0,2,0,0,0,0,0,3,0,0,2,8,0,0,0,0,4,3,1,0,0,0,6,0,1,0,0,0,1,0,0,0,0,0,0,0,0,0,57,2,1,0,0,0,12,0,0,0,0,0,0,0,0,0,0,0,0,0,0,0,0,0,0,0,0,0,0,0,0,0,0,0,0,0,0
"0399 SI-MPO-LPO Lhx8 Gaba_4",7,0,3,0,1,0,0,0,0,0,0,1,3,0,0,0,0,0,4,0,0,0,0,9,0,0,0,0,0,0,0,2,0,0,1,0,0,0,0,25,0,0,0,0,1,3,0,0,0,0,0,0,0,0,0,0,1,0,0,0,0,0,0,0,0,0,0,0,0,0,0,0,0,0,0,0
"0400 SI-MPO-LPO Lhx8 Gaba_5",5,0,0,0,0,0,0,0,1,0,0,0,2,0,0,1,0,2,1,6,0,0,0,6,0,0,0,0,0,0,0,0,0,0,0,0,0,0,0,65,0,0,0,0,0,0,0,0,0,0,0,3,0,0,0,0,0,0,0,0,0,0,0,0,0,0,0,0,0,0,0,0,0,0,0,0
"0401 SI-MPO-LPO Lhx8 Gaba_6",2,0,0,0,0,0,0,0,0,0,0,0,0,0,0,0,0,0,0,0,0,1,0,0,0,0,0,0,0,0,0,0,0,0,0,0,0,0,0,0,0,0,0,0,0,4,0,0,0,0,0,0,0,0,0,0,0,0,0,0,0,0,0,0,0,0,0,0,0,0,0,0,0,0,0,0
"0402 MPO-ADP Lhx8 Gaba_1",14,0,0,9,0,0,1,0,7,0,1,4,61,0,0,1,0,7,4,0,0,3,0,25,0,0,0,1,0,0,0,1,0,0,7,0,0,1,0,22,3,0,0,0,0,7,0,0,0,0,0,0,0,0,0,0,5,0,0,0,0,0,0,0,1,0,0,0,0,0,0,0,0,0,0,0
"0403 MPO-ADP Lhx8 Gaba_2",7,0,2,1,0,0,0,0,1,0,0,0,8,0,0,0,0,3,1,1,0,0,0,6,0,0,0,0,0,0,0,1,0,0,1,0,0,0,0,51,0,0,0,0,0,3,0,1,0,0,0,0,0,0,0,0,0,0,0,0,0,0,0,0,0,0,0,0,0,0,0,0,0,0,0,0
"0404 MPO-ADP Lhx8 Gaba_3",5,0,2,0,0,0,3,0,3,0,0,5,22,0,0,0,0,1,0,0,0,0,0,14,0,0,0,0,0,0,0,14,0,0,1,0,0,0,0,79,0,0,0,0,0,13,0,0,0,0,0,0,0,0,0,0,0,1,0,0,0,0,0,0,0,0,0,0,0,0,0,0,0,0,0,0
"0405 MPO-ADP Lhx8 Gaba_4",10,0,1,2,2,0,1,0,3,0,0,1,29,0,1,0,0,0,3,0,0,1,0,12,0,0,0,0,0,0,0,4,0,0,1,0,0,0,0,71,1,0,0,0,0,2,0,0,0,1,0,0,0,0,0,0,1,1,0,0,0,0,0,0,1,0,0,0,0,0,0,0,0,0,0,0
"0406 MPO-ADP Lhx8 Gaba_5",6,0,0,1,0,0,0,0,0,0,0,1,8,2,0,0,0,4,1,0,0,0,0,7,0,0,0,0,0,0,0,1,1,0,1,0,0,0,0,29,1,0,0,0,0,1,0,0,0,0,0,0,0,0,0,0,0,0,0,0,0,0,0,0,0,0,0,0,0,0,0,0,0,0,0,0
"0407 MPN-MPO-LPO Lhx6 Zfhx3 Gaba_1",14,0,0,0,1,0,1,0,2,0,0,1,7,2,0,0,0,4,6,0,0,0,0,23,0,0,0,0,0,0,0,1,0,0,0,0,0,0,0,3,1,0,0,0,0,9,0,0,0,0,0,0,0,0,0,0,130,0,0,0,0,0,0,0,0,0,0,0,0,0,0,0,0,0,0,0
"0408 MPN-MPO-LPO Lhx6 Zfhx3 Gaba_2",9,0,0,0,0,0,1,0,1,0,0,4,11,0,0,0,1,2,2,0,0,1,0,13,0,0,0,0,0,0,0,4,0,0,0,0,0,0,0,1,0,0,0,0,0,1,0,0,0,1,0,0,0,0,0,1,79,0,0,0,0,0,0,0,0,0,0,1,0,0,0,0,0,0,0,0
"0409 BST Tac2 Gaba_1",19,0,8,1,0,0,2,0,5,0,0,2,9,0,0,0,0,10,10,0,0,0,0,10,0,1,0,1,0,0,0,267,2,0,1,2,0,0,0,1,2,0,0,0,0,1,0,0,0,1,0,0,0,0,0,0,10,0,0,0,0,0,0,0,0,1,0,2,0,0,0,0,0,0,0,0
"0410 BST Tac2 Gaba_2",12,0,62,2,2,0,1,0,1,0,0,0,2,0,1,0,0,4,2,0,0,0,0,3,0,0,0,0,0,0,0,52,4,0,0,0,0,0,0,0,2,0,0,0,0,3,0,0,0,0,0,0,0,0,0,0,4,0,0,0,0,0,0,0,0,0,0,0,0,0,0,0,0,0,0,0
"0411 PVR Six3 Sox3 Gaba_1",5,0,0,1,0,0,0,0,0,0,0,8,0,1,0,0,0,2,0,0,0,0,0,30,0,0,0,0,0,1,0,0,2,0,1,0,0,0,0,0,0,0,0,0,0,0,0,0,0,0,0,0,0,0,0,0,0,0,0,0,0,0,0,0,0,0,0,0,0,0,0,0,0,0,0,0
"0412 PVR Six3 Sox3 Gaba_2",15,0,1,1,0,0,0,0,0,0,0,28,0,0,1,0,0,1,4,0,0,0,0,134,0,0,0,0,0,0,0,1,0,0,0,0,0,0,0,0,2,0,0,0,0,2,0,0,0,0,0,0,0,0,0,0,0,0,0,0,0,0,0,0,0,0,0,0,0,0,0,0,0,0,0,0
"0413 PVR Six3 Sox3 Gaba_3",11,0,0,2,0,0,0,0,0,0,0,0,0,0,0,0,0,1,2,0,0,0,0,124,0,0,1,0,0,0,0,0,0,0,0,0,0,0,0,0,1,0,0,0,0,1,6,0,0,0,0,0,0,0,0,0,0,0,0,0,0,0,0,0,0,0,0,0,0,0,0,0,0,0,0,0
"0414 PVR Six3 Sox3 Gaba_4",4,0,0,0,1,0,1,0,0,0,0,2,8,0,0,1,0,4,2,1,0,1,0,87,0,0,0,0,0,0,0,0,1,0,0,0,1,0,0,0,2,1,0,0,0,1,0,0,0,0,0,0,0,0,0,0,0,0,0,0,0,0,0,0,0,0,0,0,0,0,0,0,0,0,0,0
"0415 PVR Six3 Sox3 Gaba_5",14,0,2,7,2,0,2,0,1,0,0,2,2,1,0,1,1,3,4,0,0,0,0,25,0,0,2,0,0,2,0,2,2,0,1,0,0,0,0,1,4,0,1,0,0,6,1,0,0,0,0,0,0,0,0,0,2,0,0,0,0,0,0,0,0,0,0,0,0,0,0,0,0,0,0,0
"0416 PVR Six3 Sox3 Gaba_6",0,0,0,0,0,0,0,0,0,0,0,0,0,0,0,0,0,1,0,0,0,0,0,17,0,0,0,0,0,0,0,0,0,0,0,0,0,0,0,0,0,0,0,0,0,0,0,0,0,0,0,0,0,0,0,0,0,0,0,0,0,0,0,0,0,0,0,0,0,0,0,0,0,0,0,0
"0417 PVR Six3 Sox3 Gaba_7",10,0,0,0,0,0,0,0,0,0,0,6,1,0,0,0,0,0,1,0,0,0,0,42,0,0,0,0,0,0,0,0,0,0,0,0,0,0,0,0,0,0,0,0,0,1,0,0,0,1,0,0,0,0,0,0,0,0,0,0,0,0,0,0,0,0,0,0,0,0,0,0,0,0,0,0
"0418 PVR Six3 Sox3 Gaba_8",2,0,0,0,0,0,0,0,0,0,0,0,0,0,0,0,0,0,0,0,0,0,0,19,0,0,0,0,0,0,0,0,1,0,0,0,0,0,0,0,0,0,0,0,0,3,1,0,0,0,0,0,0,0,0,0,0,0,0,0,0,0,0,0,0,0,0,0,0,0,0,0,0,0,0,0
"0419 PVR Six3 Sox3 Gaba_9",8,0,1,0,1,0,2,0,1,0,0,0,4,0,0,0,0,0,1,0,0,1,0,38,0,0,0,0,0,0,0,0,13,0,0,0,0,0,0,0,0,0,0,0,0,14,0,0,0,0,0,0,0,0,0,0,0,0,0,0,0,0,0,0,0,0,1,0,0,0,1,0,0,0,0,0
"0420 BST-MPN Six3 Nrgn Gaba_1",10,0,0,0,1,0,0,0,0,0,0,2,0,0,0,0,0,2,0,0,0,0,0,13,0,0,0,0,0,0,0,4,0,0,0,0,0,0,0,0,0,0,0,0,0,6,0,0,0,0,0,0,0,0,0,0,51,0,0,0,0,0,0,0,0,0,0,1,0,0,0,0,0,0,0,0
"0421 BST-MPN Six3 Nrgn Gaba_2",3,0,26,0,0,0,0,0,0,0,0,0,0,0,0,0,0,1,0,0,0,0,0,5,0,0,0,0,0,0,0,0,0,0,0,0,0,0,0,0,0,0,0,0,0,0,0,0,0,0,0,0,0,0,0,0,8,0,0,0,0,0,0,0,0,0,0,0,0,0,0,0,0,0,0,0
"0422 BST-MPN Six3 Nrgn Gaba_3",24,0,9,0,6,0,1,0,0,0,1,84,11,0,0,0,0,3,6,0,0,1,0,24,0,6,2,0,0,0,0,4,1,0,0,0,0,1,0,0,2,0,0,0,0,8,0,0,0,1,0,0,0,0,0,0,90,0,0,0,0,0,0,0,0,0,0,1,0,0,0,0,0,0,0,0
"0423 BST-MPN Six3 Nrgn Gaba_4",34,0,5,3,15,0,3,0,9,0,0,95,19,11,0,1,0,7,11,0,0,2,0,38,0,2,3,0,0,0,2,12,5,0,8,0,2,1,0,2,9,2,0,0,0,28,0,0,0,1,0,1,1,0,0,0,34,0,0,0,3,0,0,0,0,0,0,1,0,0,1,0,0,0,0,0
"0424 BST-MPN Six3 Nrgn Gaba_5",9,0,18,8,1,0,6,0,2,0,0,5,12,12,0,0,1,2,1,1,0,2,0,14,0,3,2,0,0,0,0,1,4,0,1,0,1,1,0,1,2,0,0,0,0,9,0,0,0,0,0,0,0,0,0,0,44,0,0,1,0,0,0,0,1,0,0,0,0,0,0,0,0,0,0,0
"0425 BST-MPN Six3 Nrgn Gaba_6",6,0,15,1,1,0,0,0,0,0,0,5,0,0,1,0,0,0,1,0,0,7,0,6,0,1,0,0,0,0,0,3,2,0,0,0,0,0,0,0,0,0,0,0,0,9,0,0,0,0,0,0,0,1,0,0,93,0,0,0,0,0,0,0,0,0,0,0,0,0,0,0,0,0,0,0
"0426 BST-MPN Six3 Nrgn Gaba_7",10,0,1,1,2,0,0,0,0,0,0,2,3,0,0,0,0,0,3,0,0,4,0,81,0,0,0,0,0,0,0,6,0,0,2,0,0,0,0,0,0,0,0,0,0,0,0,1,0,0,0,0,0,0,0,0,3,0,0,0,0,0,0,0,0,0,0,2,0,0,0,0,0,0,0,0
"0427 ARH-PVi Six6 Dopa-Gaba_1",5,0,0,0,0,0,0,0,0,0,0,0,0,0,1,0,0,1,0,0,0,0,0,0,0,0,0,0,0,0,0,0,0,0,0,0,0,0,0,0,0,0,0,0,0,62,0,0,0,0,0,0,0,0,0,0,0,0,0,0,0,0,0,0,0,0,0,0,0,0,0,0,0,0,0,0
"0428 ARH-PVi Six6 Dopa-Gaba_2",3,0,0,0,0,0,0,0,0,0,0,38,0,0,0,0,0,0,0,0,0,0,0,0,0,0,0,0,0,0,0,0,0,0,0,0,1,0,0,0,0,0,0,0,0,0,0,0,0,0,0,0,0,0,0,0,0,0,0,0,0,0,0,0,0,0,0,0,0,0,0,0,0,0,0,0
"0429 TMv-PMv Tbx3 Hist-Gaba_1",1,0,0,0,0,0,0,0,0,0,0,0,0,0,0,0,0,1,0,0,0,0,0,0,0,0,0,0,0,0,0,0,0,0,1,0,0,0,0,0,0,0,0,0,0,0,0,0,0,0,0,0,0,0,0,0,0,157,0,0,0,0,0,0,0,0,0,0,0,0,0,0,0,0,0,0
"0430 TMv-PMv Tbx3 Hist-Gaba_2",2,1,0,0,0,0,2,0,0,0,0,0,43,0,0,0,0,2,0,0,0,0,0,1,0,0,0,0,0,0,0,0,0,0,1,0,0,0,0,0,0,0,0,0,0,6,0,0,0,0,0,0,0,0,0,0,0,55,0,0,0,0,0,0,0,0,0,0,0,0,0,0,0,0,0,0
"0431 RT-ZI Gnb3 Gaba_1",7,0,1,0,2,0,0,0,3,0,0,2,0,26,1,0,0,9,11,0,0,0,0,1,0,0,0,1,0,0,0,0,0,0,1,1,61,0,0,0,0,0,0,0,0,0,0,0,0,0,0,0,0,17,0,0,0,0,0,0,0,0,0,0,0,0,0,0,0,0,0,0,0,0,0,308
"0432 RT-ZI Gnb3 Gaba_2",2,0,0,0,0,0,0,1,15,0,0,0,0,2,1,0,0,16,12,1,0,1,0,0,0,0,0,0,0,0,0,0,0,0,1,0,141,0,0,0,2,0,0,1,0,0,0,0,0,0,0,0,0,0,0,0,0,0,0,0,0,0,0,0,0,0,0,0,0,0,0,1,0,0,0,471
"0433 RT-ZI Gnb3 Gaba_3",1,0,0,0,0,0,0,0,5,0,0,0,0,0,0,0,0,14,8,0,0,0,0,0,0,0,0,0,0,0,0,0,0,0,0,1,113,0,0,0,0,0,0,0,0,0,0,0,0,0,0,0,0,1,0,0,0,0,0,0,0,0,0,0,0,0,0,0,0,0,0,0,0,0,0,658
"0434 RT-ZI Gnb3 Gaba_4",13,0,3,1,0,0,1,0,11,0,0,0,1,1,2,0,0,15,11,0,0,26,0,1,0,1,0,0,0,0,1,0,0,0,2,1,89,0,0,0,3,0,0,0,0,1,0,0,0,0,0,0,0,365,0,0,0,0,0,0,0,1,0,0,0,0,0,0,0,0,0,0,0,0,0,51
"0435 RT-ZI Gnb3 Gaba_5",0,0,0,0,0,0,0,0,15,0,1,0,0,0,0,0,0,48,45,0,0,0,0,0,0,0,0,1,0,0,1,0,0,0,0,0,403,0,0,0,1,0,0,1,0,0,0,0,0,0,0,1,0,0,0,0,0,0,0,0,0,0,0,0,0,0,0,0,0,0,0,0,0,0,0,2097
"0436 SCH Six6 Cdc14a Gaba_1",5,0,0,1,0,0,0,1,0,0,0,0,0,0,0,0,0,4,2,0,0,0,0,8,0,0,0,0,0,0,0,1,0,0,2,0,0,0,0,0,2,0,0,0,0,6,205,0,0,0,0,0,0,0,0,0,0,0,0,0,0,0,0,0,0,0,0,0,0,0,0,21,0,0,0,0
"0437 SCH Six6 Cdc14a Gaba_2",2,0,0,0,1,0,0,0,0,0,0,0,0,0,0,0,0,4,4,0,0,0,0,10,0,0,0,0,0,0,0,0,0,0,0,0,0,0,0,0,2,0,0,0,0,0,335,0,0,0,0,0,0,0,0,0,0,0,0,0,0,0,0,0,0,0,0,0,0,0,0,34,0,0,0,0
"0438 SCH Six6 Cdc14a Gaba_3",20,0,0,2,3,0,0,0,1,0,1,18,2,0,0,0,0,5,1,0,0,0,0,171,0,1,0,0,0,1,0,1,2,0,1,0,0,0,0,0,1,2,0,0,1,5,25,0,0,0,0,0,0,0,0,0,2,0,0,0,1,0,0,0,0,0,0,1,0,0,0,3,0,0,0,1
"0439 DMH Prdm13 Gaba_1",12,0,1,0,0,0,0,0,0,0,0,0,0,0,1,0,0,0,2,0,0,0,0,8,0,0,0,0,0,0,0,0,0,0,0,0,0,0,0,0,1,0,0,0,0,82,0,0,0,0,0,0,0,0,0,0,1,0,0,0,0,0,0,0,0,0,0,1,0,0,1,0,0,0,0,0
"0440 DMH Prdm13 Gaba_2",8,0,1,0,0,0,0,0,0,0,0,0,0,0,0,0,0,0,2,0,0,0,0,9,0,0,0,0,0,0,0,0,1,0,2,0,0,0,0,0,0,0,0,0,0,50,0,0,0,0,0,0,0,0,0,0,2,0,0,0,0,0,0,0,0,0,0,0,0,0,0,0,0,0,0,0
"0441 PVHd Gsc Gaba_1",2,0,9,0,1,0,0,0,0,0,0,4,3,2,0,0,0,1,1,0,0,0,0,2,0,0,0,0,0,0,0,0,0,0,0,0,0,1,0,0,0,0,0,0,0,1,0,0,0,0,0,0,0,0,0,0,2,0,0,0,0,0,0,0,0,0,0,0,0,0,0,0,0,0,0,0
"0442 PVHd-SBPV Six3 Prox1 Gaba_1",45,0,6,1,1,0,1,0,4,0,0,4,0,29,0,1,0,8,6,0,0,348,0,19,0,1,1,0,0,0,1,0,6,0,2,0,3,0,0,0,3,0,0,0,0,5,0,0,0,0,0,0,0,13,0,0,3,0,0,0,0,0,0,0,0,0,0,1,0,0,0,0,0,0,0,2
"0443 PVHd-SBPV Six3 Prox1 Gaba_2",68,0,4,0,3,0,0,0,20,0,1,6,3,1,0,0,0,13,26,1,0,165,4,101,0,0,0,2,0,0,1,0,3,0,40,0,5,0,0,0,9,0,1,0,0,5,0,3,0,0,0,0,0,0,0,0,7,0,0,0,4,0,0,0,0,0,0,2,0,0,0,0,0,0,0,1
"0444 PVHd-SBPV Six3 Prox1 Gaba_3",25,0,2,0,3,0,0,0,4,0,0,14,12,183,0,0,0,9,6,1,0,5,0,20,0,1,0,0,0,0,0,1,0,0,6,2,4,0,0,0,3,0,0,0,0,1,0,0,0,0,0,0,0,1,0,0,3,0,0,0,2,0,0,0,0,0,0,0,0,0,0,0,0,0,0,0
"0445 PVHd-SBPV Six3 Prox1 Gaba_4",9,0,0,4,2,0,0,0,0,0,0,0,2,0,0,0,0,1,0,0,0,2,0,112,0,1,0,0,0,0,0,1,0,0,0,0,0,0,0,0,1,0,0,0,0,1,17,0,0,0,0,0,0,0,0,0,1,0,0,0,1,0,0,0,0,0,0,0,0,0,0,1,0,0,0,0
"0446 AHN-SBPV-PVHd Pdrm12 Gaba_1",39,0,10,0,7,1,1,0,10,0,0,202,10,6,1,0,1,8,6,0,0,1,0,26,0,2,0,1,0,0,0,6,2,0,3,0,6,0,0,0,3,1,0,0,0,1,0,1,0,0,0,1,0,0,0,0,16,0,0,0,1,0,0,0,0,0,0,0,0,0,0,0,0,0,0,0
"0447 AHN-SBPV-PVHd Pdrm12 Gaba_2",46,0,6,2,4,1,0,0,2,0,1,6,2,1,0,0,0,6,7,0,0,2,0,275,0,0,0,0,0,0,1,1,3,0,2,0,3,1,0,0,4,0,0,0,0,2,2,0,0,0,0,0,0,0,0,0,6,0,0,0,0,0,0,0,0,0,0,0,0,0,0,0,0,0,0,0
"0448 AHN-SBPV-PVHd Pdrm12 Gaba_3",29,0,5,0,4,0,2,1,1,0,0,33,28,3,1,0,1,4,2,0,0,10,0,277,0,2,0,0,0,0,0,0,0,0,3,0,3,0,0,0,1,1,0,0,0,2,1,0,0,0,0,0,0,2,0,0,8,0,1,0,0,0,0,0,0,0,1,0,0,0,0,0,0,0,0,0
"0449 AHN-SBPV-PVHd Pdrm12 Gaba_4",38,0,2,8,2,0,0,0,1,0,0,6,36,1,0,0,0,5,3,0,0,1,0,195,0,0,0,0,0,0,0,2,0,1,4,0,0,0,0,0,2,0,0,0,0,0,0,0,0,0,0,0,0,0,0,0,7,0,0,0,0,0,0,0,0,0,0,1,0,0,0,0,0,0,0,0
"0450 AHN-SBPV-PVHd Pdrm12 Gaba_5",9,0,1,1,0,0,0,0,0,0,0,5,2,0,0,0,0,1,1,0,0,0,0,75,0,0,0,0,0,0,0,0,0,0,0,0,0,0,0,0,1,0,0,0,0,1,1,0,0,0,0,0,0,0,0,0,0,0,0,0,0,0,0,0,0,0,0,0,0,0,0,1,0,0,0,0
"0451 AHN-SBPV-PVHd Pdrm12 Gaba_6",21,0,4,1,0,0,1,0,3,0,0,191,26,10,0,0,1,3,1,0,0,2,0,21,0,0,1,1,0,0,1,1,0,0,2,0,1,0,0,0,2,0,0,0,0,3,1,0,0,0,0,0,0,1,0,0,7,0,0,1,0,0,0,0,0,0,0,1,0,0,0,0,0,0,0,0
"0452 AHN-SBPV-PVHd Pdrm12 Gaba_7",24,1,6,0,0,1,2,0,8,0,0,155,16,36,1,0,0,9,7,0,0,1,0,11,0,1,1,0,0,0,0,0,0,0,2,1,3,1,0,0,3,1,0,0,0,1,0,0,0,0,0,1,0,0,0,0,3,0,0,0,0,0,0,0,0,0,0,0,0,0,1,0,0,0,0,0
"0453 SBPV-PVa Six6 Satb2 Gaba_1",5,0,0,0,0,0,0,0,1,0,0,0,1,0,0,0,0,3,5,0,0,0,0,100,0,0,0,0,0,0,0,0,0,0,0,0,0,0,0,0,0,0,0,0,0,23,1,0,0,0,0,0,0,0,0,0,1,0,0,0,0,0,0,0,0,0,0,0,0,0,0,0,0,0,0,0
"0454 SBPV-PVa Six6 Satb2 Gaba_2",55,0,10,27,4,0,7,0,9,0,0,25,33,6,1,2,2,14,16,0,0,0,0,281,0,3,2,1,0,2,1,2,3,0,10,0,4,0,0,2,2,5,1,0,0,13,1,1,0,1,0,0,0,0,0,0,4,0,0,0,2,0,0,0,0,0,0,5,0,0,0,0,0,0,0,0
"0455 SBPV-PVa Six6 Satb2 Gaba_3",14,0,1,0,0,0,0,0,0,0,0,1,3,0,1,0,0,3,3,0,0,0,0,42,0,0,0,0,0,0,0,0,2,0,0,1,0,0,0,0,0,0,0,0,0,193,0,0,0,0,0,0,0,0,0,0,1,0,0,0,0,0,0,0,0,0,0,0,0,0,0,0,0,0,0,0
"0456 AHN Onecut3 Gaba_1",62,0,2,7,9,0,0,0,4,0,0,369,6,3,1,1,2,17,9,1,0,0,1,144,0,0,1,0,0,0,0,0,0,0,6,0,4,0,0,1,9,2,0,0,0,3,3,0,0,0,1,0,0,0,0,0,3,0,0,0,2,0,1,0,0,0,0,0,0,0,1,0,0,0,0,0
"0457 AHN Onecut3 Gaba_2",41,0,2,2,2,0,0,0,3,0,0,317,2,5,0,0,0,6,6,0,0,1,0,22,0,0,0,0,0,0,0,0,1,0,2,0,1,1,0,0,1,0,0,0,0,2,0,0,0,0,0,0,0,0,0,0,0,0,0,0,0,0,0,0,0,0,0,1,0,0,0,0,0,0,0,0
"0458 AHN Onecut3 Gaba_3",57,0,6,6,2,0,2,0,8,0,0,473,18,12,1,2,2,6,10,1,0,0,0,17,0,0,1,2,0,0,1,1,0,0,9,0,6,0,0,1,5,0,0,0,0,3,0,0,0,0,0,2,1,0,0,0,5,0,0,0,0,0,0,0,0,0,0,1,0,0,0,0,0,0,0,0
"0459 ZI Pax6 Gaba_1",51,0,15,14,6,0,4,0,8,0,1,10,356,17,0,0,1,14,4,2,0,0,1,12,0,0,1,0,1,0,1,21,0,0,18,0,21,0,0,1,5,0,1,0,0,2,0,0,0,0,0,0,0,0,0,0,2,0,0,1,1,2,0,0,0,0,0,1,0,0,1,0,0,0,0,0
"0460 ZI Pax6 Gaba_2",51,0,7,5,0,0,10,0,4,0,0,9,85,205,0,1,1,23,7,4,0,1,0,5,0,0,0,1,0,0,2,2,0,0,11,2,14,0,0,1,5,0,0,0,0,4,0,0,0,0,0,1,0,1,0,0,0,0,0,3,0,0,0,0,0,0,0,5,0,0,1,0,0,1,0,0
"0461 ZI Pax6 Gaba_3",59,0,12,17,3,0,5,2,15,0,0,10,241,174,1,1,0,14,12,1,0,4,0,37,0,4,4,1,0,0,5,4,0,0,14,1,11,0,0,1,4,0,0,0,0,2,0,2,0,0,0,2,0,0,0,2,2,0,0,1,0,0,0,0,0,1,0,5,0,0,0,0,0,0,0,0
"0462 ZI Pax6 Gaba_4",71,0,3,3,0,0,1,0,2,0,0,6,39,437,1,0,0,11,11,1,0,0,0,3,0,0,0,1,0,0,1,0,0,0,3,0,6,0,0,1,4,0,1,0,0,0,0,0,0,0,0,0,1,0,0,0,3,0,0,1,0,0,0,0,0,0,0,0,0,0,0,0,0,0,0,2
"0463 ZI Pax6 Gaba_5",17,0,2,0,0,1,1,0,1,0,0,0,12,114,1,0,0,4,11,0,0,0,1,2,0,0,0,0,1,0,0,0,0,0,7,1,6,0,0,0,2,0,0,0,0,0,0,0,0,0,0,1,1,0,0,0,0,0,0,0,0,0,0,1,0,1,0,0,0,0,0,0,0,0,0,0
"0464 ZI Pax6 Gaba_6",19,0,3,2,1,0,1,0,1,0,0,13,31,142,1,0,0,4,5,0,0,4,1,4,0,0,0,0,0,0,1,0,0,0,3,1,1,0,0,0,4,0,0,0,0,1,0,0,0,0,0,0,0,0,0,0,0,0,0,0,0,0,0,0,0,0,0,1,0,0,0,0,0,0,0,0
"0465 ZI Pax6 Gaba_7",62,0,2,2,1,0,0,0,6,0,0,2,2,598,0,0,0,6,7,2,0,0,1,5,0,0,1,1,1,0,1,0,1,0,2,0,5,1,0,0,2,0,0,1,0,2,0,0,0,0,0,0,1,0,0,0,1,1,1,1,0,1,0,0,0,0,0,0,0,0,0,0,0,0,0,0
"0466 ZI Pax6 Gaba_8",73,0,9,1,1,0,1,0,2,0,1,1,17,6,1,2,0,16,12,1,0,564,1,11,0,1,0,0,0,0,2,1,2,0,7,0,1,0,0,0,4,0,0,0,1,7,0,0,0,0,0,0,1,0,0,0,9,0,0,0,2,0,0,0,0,0,0,2,0,0,0,0,0,0,0,1
"0467 ZI Pax6 Gaba_9",12,0,1,0,0,0,1,0,1,0,0,1,6,115,0,0,0,4,3,0,0,18,0,2,0,0,0,0,0,0,0,0,0,0,0,0,4,0,0,0,1,0,0,0,0,1,0,0,0,0,0,0,0,8,0,0,0,0,0,0,0,0,0,0,0,0,0,0,0,0,0,0,0,0,0,5
"0468 ZI Pax6 Gaba_10",19,0,0,5,1,0,1,0,1,0,0,24,24,7,0,0,0,9,2,0,0,1,0,30,0,0,0,0,0,0,0,0,0,0,0,0,1,0,0,6,0,0,0,0,0,5,0,0,0,0,0,0,0,0,0,0,1,0,0,0,0,0,0,0,0,1,0,0,0,0,0,0,0,0,0,0
"0469 ZI Pax6 Gaba_11",42,0,3,16,0,0,3,0,5,0,0,4,340,17,0,2,3,14,8,0,0,1,0,13,0,0,3,1,0,0,0,0,0,0,26,2,7,0,0,0,5,0,0,0,0,0,0,0,0,0,0,2,0,0,0,0,1,0,0,1,2,0,0,0,0,0,0,0,0,0,0,0,0,0,0,0
"0470 DMH-LHA Gsx1 Gaba_1",25,0,0,0,0,0,0,0,1,0,0,0,0,0,0,0,0,4,3,0,0,42,0,8,0,0,0,0,0,0,1,0,2,0,2,1,0,0,0,0,0,0,1,0,0,150,0,0,0,0,0,0,0,0,0,0,0,0,0,0,0,0,0,0,0,0,0,0,0,0,0,0,0,0,0,0
"0471 DMH-LHA Gsx1 Gaba_2",61,0,2,3,0,0,3,0,6,0,0,0,25,1,0,0,0,11,11,0,0,51,0,25,0,0,2,0,0,0,0,2,0,0,0,0,3,0,0,0,3,0,0,0,0,492,0,0,0,0,0,0,0,0,0,1,0,0,0,0,0,0,0,0,0,0,0,4,0,0,0,0,0,0,0,0
"0472 DMH-LHA Gsx1 Gaba_3",13,0,0,0,0,0,0,0,0,0,0,0,0,0,1,0,0,1,1,0,0,0,0,1,0,0,0,0,0,0,0,0,1,0,0,0,0,0,0,0,1,0,0,0,0,126,0,0,0,0,0,0,0,0,0,0,0,0,0,0,0,0,0,0,0,0,0,0,0,0,0,0,0,0,0,0
"0473 DMH-LHA Gsx1 Gaba_4",16,0,0,0,0,0,0,0,0,0,0,0,0,0,0,0,0,0,2,0,0,0,0,0,0,1,0,0,0,0,0,0,2,0,0,0,0,0,0,0,0,0,0,0,0,128,0,0,0,0,0,0,0,0,0,0,0,0,0,0,0,0,0,0,0,0,0,0,0,0,0,0,0,0,0,0
"0474 PVHd-DMH Lhx6 Gaba_1",36,0,3,1,1,0,2,0,2,0,0,3,129,1,0,0,0,10,5,3,0,3,0,11,0,0,1,0,0,0,2,2,0,0,6,0,1,0,0,22,4,0,1,0,0,2,0,0,0,0,0,3,0,0,0,0,0,0,0,0,0,0,1,0,0,0,0,3,0,0,0,0,0,0,0,0
"0475 PVHd-DMH Lhx6 Gaba_2",34,0,1,0,0,0,0,0,3,0,1,0,6,0,0,38,0,12,12,0,0,79,0,18,0,0,0,0,0,0,2,0,0,0,12,1,1,0,0,0,6,0,0,0,1,7,0,1,1,0,0,0,0,0,0,0,4,0,0,0,0,1,0,0,0,0,0,4,0,0,0,0,0,0,0,0
"0476 PVHd-DMH Lhx6 Gaba_3",47,0,1,4,2,0,2,0,4,0,2,4,125,1,0,6,1,6,11,1,0,18,0,19,0,0,1,0,0,1,1,0,0,0,16,0,2,0,0,3,11,0,0,0,0,10,0,1,0,0,0,0,0,1,0,1,1,0,0,0,1,0,0,0,0,0,0,8,0,0,1,0,0,0,0,0
"0477 PVHd-DMH Lhx6 Gaba_4",13,0,0,0,1,0,0,0,3,0,1,0,12,1,0,5,0,0,0,1,0,10,0,4,0,0,0,0,0,0,0,0,2,0,4,0,0,0,0,14,1,0,1,0,0,1,0,0,0,0,0,0,0,0,0,0,0,0,0,0,0,0,0,0,0,0,0,2,0,0,1,0,0,0,0,0
"0478 TU-ARH Otp Six6 Gaba_1",43,1,0,1,0,0,0,0,2,0,0,0,3,0,0,0,0,3,7,0,0,0,0,8,0,1,0,0,0,0,0,0,488,0,0,0,0,0,0,0,2,0,0,0,0,56,0,0,0,0,0,0,0,0,0,0,1,1,0,0,0,0,0,0,0,0,0,0,0,0,0,0,0,0,0,0
"0479 TU-ARH Otp Six6 Gaba_2",55,0,3,3,0,0,0,0,0,0,0,3,2,1,1,0,0,11,6,1,0,45,1,17,0,0,1,1,0,0,0,1,292,0,3,0,0,0,0,0,3,1,0,0,0,31,0,1,0,0,0,1,0,0,0,0,4,0,0,0,0,0,0,0,0,0,0,0,0,0,0,0,0,0,0,0
"0480 TU-ARH Otp Six6 Gaba_3",31,0,118,1,0,1,0,3,4,0,0,2,2,0,2,0,0,7,6,0,0,4,0,17,0,0,0,0,0,0,0,0,112,0,4,1,0,0,0,0,4,0,0,0,0,22,0,0,0,0,1,0,0,0,0,0,12,0,0,0,0,0,0,0,0,0,0,0,0,0,0,0,0,0,0,0
"0481 TMd-DMH Foxd2 Gaba_1",18,0,1,0,0,0,0,0,0,0,0,3,6,0,0,0,0,7,2,0,0,0,0,20,0,0,0,0,0,1,1,0,3,0,0,0,0,0,0,0,1,9,0,0,0,20,0,0,0,0,0,0,0,0,0,0,0,109,0,0,0,0,0,0,1,0,0,0,0,0,0,0,0,0,0,0
"0482 PVpo-VMPO-MPN Hmx2 Gaba_1",39,0,6,6,4,0,4,0,3,0,0,5,9,0,0,0,0,7,11,0,0,1,0,139,0,0,1,0,0,0,0,269,2,0,0,0,0,0,0,1,3,2,0,0,0,60,0,0,0,0,0,0,0,0,0,0,4,0,0,0,0,0,0,0,0,1,0,4,0,0,0,0,0,0,0,1
"0483 PVpo-VMPO-MPN Hmx2 Gaba_2",31,0,14,1,5,1,3,0,5,0,0,3,17,0,0,0,0,9,7,0,0,0,0,15,0,1,1,0,0,0,0,380,1,0,3,0,2,0,0,2,3,0,0,0,0,36,0,0,0,0,0,0,0,0,0,0,3,0,0,0,1,0,0,0,0,1,0,0,0,0,0,0,0,0,0,0
"0484 PVpo-VMPO-MPN Hmx2 Gaba_3",10,0,0,0,0,0,0,0,1,0,0,0,3,0,0,0,0,1,1,0,0,0,0,3,0,0,0,0,0,0,0,0,0,0,0,0,1,0,0,0,0,0,0,0,0,92,0,0,0,0,0,0,0,0,0,0,2,0,0,0,0,0,0,0,0,0,0,0,0,0,1,0,0,0,0,0
"0485 PVpo-VMPO-MPN Hmx2 Gaba_4",2,0,3,0,0,0,0,0,1,0,0,0,0,0,0,0,0,2,1,0,0,0,0,4,0,0,0,0,0,0,0,4,0,0,0,0,0,0,0,0,0,0,0,0,0,24,0,0,0,0,0,0,0,0,0,0,0,0,0,0,0,0,0,0,0,0,0,0,0,0,0,0,0,0,0,0
"0486 PVpo-VMPO-MPN Hmx2 Gaba_5",7,0,0,0,0,0,0,0,0,0,0,0,0,0,1,0,0,2,0,0,0,0,0,3,0,0,0,0,0,1,0,6,0,0,0,0,0,0,0,0,0,0,0,0,0,71,0,0,0,0,0,0,0,0,0,0,2,0,0,0,0,0,0,0,0,0,0,0,0,0,0,0,0,0,0,0
"0487 DMH Hmx2 Gaba_1",51,1,5,11,1,0,1,0,4,0,0,1,327,2,1,0,2,15,10,0,0,1,0,21,0,0,1,0,0,2,1,4,1,0,10,0,1,0,0,0,4,2,0,0,0,37,0,0,0,0,0,1,0,0,0,1,1,4,0,0,1,2,0,0,0,0,0,2,0,0,0,0,0,0,0,0
"0488 DMH Hmx2 Gaba_2",38,0,1,1,2,0,0,0,2,0,0,3,13,1,1,0,1,4,5,0,0,1,0,22,0,1,0,0,0,0,0,14,165,0,5,0,1,0,0,2,6,1,0,0,0,160,0,1,0,0,0,0,0,0,0,0,2,2,0,0,0,0,0,0,0,0,0,2,0,0,0,0,0,0,0,0
"0489 DMH Hmx2 Gaba_3",35,0,1,2,1,0,0,0,1,0,0,0,6,0,0,0,0,2,1,0,0,8,0,12,0,0,0,0,0,0,0,0,20,0,1,0,0,0,0,0,5,13,0,0,0,160,0,0,0,0,0,0,0,0,0,1,0,5,0,0,0,0,0,0,0,0,0,2,0,0,0,0,0,0,0,0
"0490 DMH Hmx2 Gaba_4",12,0,2,6,1,0,1,0,5,0,0,2,54,1,1,1,2,2,2,1,0,0,0,9,0,0,0,0,0,0,0,1,1,0,3,0,2,0,0,0,2,4,0,0,0,49,0,0,0,0,0,0,0,0,0,0,6,10,0,0,0,0,0,0,0,0,0,1,0,0,0,0,0,0,0,0
"0491 DMH Hmx2 Gaba_5",19,0,1,2,1,0,0,0,3,0,0,1,27,1,1,1,0,5,5,0,0,2,0,38,0,0,0,0,0,0,0,28,1,0,0,0,0,1,0,0,1,2,0,0,0,150,0,0,0,0,0,0,0,0,0,0,4,0,0,0,2,0,0,0,0,0,0,0,0,0,0,0,0,0,0,0
"0492 DMH Hmx2 Gaba_6",13,0,0,2,1,0,0,0,2,0,0,1,3,0,2,0,0,2,2,0,0,0,1,7,0,0,0,0,0,0,0,3,0,0,2,0,0,0,0,1,2,0,1,0,0,91,0,0,0,0,0,0,0,0,0,0,0,0,0,0,1,0,0,0,0,0,0,2,0,0,0,0,0,0,0,0
"0493 ARH-PVp Tbx3 Gaba_1",17,0,0,0,0,0,0,0,0,0,0,0,1,1,0,0,0,3,2,0,0,1,0,9,0,0,0,0,0,0,0,0,3,0,0,0,1,0,0,1,0,0,0,0,0,213,0,0,0,0,0,0,0,0,0,0,1,4,0,0,0,0,0,0,0,0,0,0,0,0,0,0,0,0,0,0
"0494 ARH-PVp Tbx3 Gaba_2",30,0,0,0,1,0,0,0,3,0,0,0,0,0,1,0,0,5,10,0,0,4,0,14,0,0,0,0,0,0,1,0,2,0,4,0,0,0,0,0,15,1,0,0,0,64,0,1,0,0,0,1,0,0,0,0,1,0,0,0,1,0,0,0,0,0,0,1,0,0,0,0,0,0,0,0
"0495 ARH-PVp Tbx3 Gaba_3",18,0,0,0,0,0,0,0,0,0,0,0,0,0,0,0,0,3,6,0,0,0,0,1,0,0,0,0,0,0,0,0,24,0,0,0,0,0,0,0,0,0,0,0,0,115,0,0,0,0,0,0,0,0,0,0,0,0,0,0,0,0,0,0,0,0,0,0,0,0,0,0,0,0,0,0
"0496 LGv-ZI Otx2 Gaba_1",14,0,1,1,1,0,1,0,6,0,1,0,81,3,0,0,1,1,4,1,0,0,0,6,0,1,1,0,0,0,0,0,0,0,28,0,8,0,0,0,0,0,0,0,0,0,0,0,0,0,0,0,0,1,0,0,0,0,0,0,0,0,0,0,0,0,0,0,0,0,1,0,0,0,0,0
"0497 LGv-ZI Otx2 Gaba_2",7,0,0,3,0,0,0,0,1,0,0,0,64,0,0,0,0,3,1,1,0,0,0,2,0,0,0,0,0,0,1,0,0,0,9,1,1,0,0,0,0,1,0,0,0,0,0,0,0,0,0,0,0,0,0,0,0,0,0,0,0,0,0,0,0,0,0,1,0,0,0,0,0,0,0,0
"0498 LGv-ZI Otx2 Gaba_3",1,0,0,0,0,0,0,0,0,0,0,0,25,0,0,0,0,1,0,0,0,0,0,0,0,0,1,0,0,0,0,0,0,0,0,0,0,0,0,0,0,0,0,0,0,0,0,0,0,0,0,0,0,0,0,0,0,0,0,0,0,0,0,0,0,1,0,0,0,0,0,0,0,0,0,0
"0499 LGv-ZI Otx2 Gaba_4",59,0,37,15,3,0,4,0,18,0,7,1,122,4,0,1,4,15,19,1,1,5,2,19,0,1,6,4,1,0,0,2,0,0,79,2,11,0,0,0,5,1,0,0,1,0,0,1,0,0,0,0,1,0,1,0,7,1,1,0,0,2,0,1,0,1,1,7,0,1,0,0,0,0,0,0
"0500 LGv-ZI Otx2 Gaba_5",31,0,1,1,1,0,0,0,5,0,0,0,227,8,0,0,1,10,6,0,0,19,1,42,0,0,1,0,2,0,0,0,0,0,7,0,4,0,0,0,4,0,0,1,0,1,0,1,0,0,0,0,0,0,0,0,0,0,0,0,0,0,0,0,0,0,0,2,0,0,0,0,0,0,0,0
"0501 BST-po Iigp1 Glut_1",3,0,0,10,1,0,1,1,3,0,0,0,1,0,0,0,0,5,0,0,0,0,0,0,0,0,1,0,0,0,1,0,0,0,0,0,0,1,0,0,0,0,0,0,0,0,0,0,0,144,0,0,0,0,0,0,0,0,0,0,0,0,0,0,0,1,0,1,0,0,0,0,0,0,0,0
"0502 TRS-BAC Sln Glut_1",2,0,0,14,0,0,2,0,0,0,0,0,0,0,0,0,0,3,4,0,0,0,0,1,0,0,0,0,0,0,0,0,0,0,0,0,0,0,0,0,1,0,0,0,0,0,0,0,0,203,0,0,0,0,0,0,0,0,0,0,0,0,0,0,0,0,0,2,0,0,0,0,0,0,0,0
"0503 TRS-BAC Sln Glut_2",3,0,0,19,0,0,1,2,2,0,3,0,0,0,1,0,0,3,1,0,0,0,0,1,0,0,0,0,0,0,0,0,0,0,0,0,0,0,0,0,2,0,0,0,0,0,0,0,0,127,0,1,0,0,0,0,0,0,0,0,0,0,0,0,0,0,0,4,0,0,0,0,0,0,0,0
"0504 GPi Tbr1 Cngb3 Gaba-Glut_1",22,0,0,0,2,0,4,0,5,0,0,0,1,1,0,0,0,3,6,0,0,0,0,0,0,0,1,0,0,0,0,0,0,0,2,0,1,0,0,0,1,0,0,0,0,0,0,0,1,1,0,0,0,0,0,0,0,0,0,297,0,0,0,0,1,0,0,0,0,0,0,0,0,0,0,0
"0505 MEA-COA-BMA Ccdc42 Glut_1",4,0,1,0,0,0,0,0,0,0,0,0,0,0,0,0,0,1,0,0,0,0,0,0,0,67,0,0,0,0,0,0,0,0,0,0,0,0,0,0,0,0,0,0,0,0,0,0,0,0,0,0,0,0,0,0,2,0,0,0,0,0,0,0,0,0,0,0,0,0,0,0,0,0,0,0
"0506 MEA-COA-BMA Ccdc42 Glut_2",2,0,0,0,0,0,0,0,0,0,0,0,0,0,0,0,0,0,0,0,0,0,0,0,0,13,0,0,0,0,0,0,0,0,0,0,0,0,0,0,0,0,0,0,0,0,0,0,0,0,0,0,0,0,0,0,0,0,0,0,0,0,0,0,0,0,0,0,0,0,0,0,0,0,0,0
"0507 MEA-COA-BMA Ccdc42 Glut_3",42,0,1,0,4,0,0,0,1,0,0,0,0,0,0,0,1,8,4,0,0,0,0,0,0,383,0,0,0,0,0,0,0,0,3,0,0,0,0,0,0,0,0,0,0,0,0,0,0,0,0,0,0,0,0,0,4,0,0,0,0,0,0,0,0,0,0,0,0,0,0,0,0,0,0,0
"0508 MEA-COA-BMA Ccdc42 Glut_4",12,0,4,0,0,0,0,0,0,0,0,0,0,0,0,0,0,2,0,0,0,0,0,0,0,46,0,0,0,0,0,0,0,0,0,0,1,31,0,0,0,0,0,0,0,0,0,0,0,0,0,0,0,0,0,0,1,0,0,0,0,0,0,0,0,0,0,0,0,0,0,0,0,0,1,0
"0509 COAa-PAA-MEA Barhl2 Glut_1",29,0,9,1,3,3,5,1,9,0,0,0,0,0,2,0,1,9,6,1,0,0,1,4,0,58,1,2,0,1,1,0,0,0,7,2,0,236,0,0,2,0,0,0,0,0,0,0,0,0,0,0,0,0,0,0,1,0,1,0,0,0,0,0,0,0,0,0,0,0,0,0,0,0,0,0
"0510 COAa-PAA-MEA Barhl2 Glut_2",1,0,1,0,0,0,0,0,0,0,0,1,0,0,0,0,0,2,1,0,0,0,0,0,0,0,0,0,0,0,0,0,0,0,0,0,0,71,0,0,1,0,0,0,0,0,0,0,0,0,0,0,0,0,0,0,0,0,0,0,0,0,1,0,0,0,0,0,0,0,0,0,0,0,0,0
"0511 COAa-PAA-MEA Barhl2 Glut_3",4,0,0,0,0,0,0,0,1,0,0,0,0,0,0,0,0,5,2,0,0,0,0,0,0,0,0,2,0,0,0,0,0,0,1,0,0,203,0,0,1,0,0,0,0,0,0,0,0,0,0,0,0,0,0,0,0,0,0,0,0,0,0,0,0,0,0,0,0,0,0,0,0,0,0,0
"0512 COAa-PAA-MEA Barhl2 Glut_4",1,0,1,0,0,0,0,0,0,0,0,0,0,0,0,0,0,3,2,1,0,0,1,0,0,0,0,0,0,0,0,0,0,0,0,0,0,51,0,0,1,0,0,0,0,1,0,0,0,0,0,0,0,0,0,0,1,0,0,0,0,0,0,0,0,0,0,0,0,0,0,0,0,0,0,0
"0513 COAa-PAA-MEA Barhl2 Glut_5",3,0,0,0,0,0,0,0,0,0,0,0,0,0,0,0,0,0,0,0,0,0,0,1,0,0,0,0,0,0,0,0,0,0,0,0,0,28,0,0,0,0,0,0,0,0,0,0,0,0,0,0,0,0,0,0,1,0,0,0,0,0,0,0,0,0,0,0,0,0,0,0,0,0,0,0
"0514 COAa-PAA-MEA Barhl2 Glut_6",0,0,0,0,0,0,0,0,0,0,0,0,0,0,1,0,0,0,1,0,0,0,0,0,0,0,0,0,0,0,0,0,0,0,1,0,0,33,0,0,0,0,0,0,0,0,0,0,0,0,0,0,0,0,0,0,0,0,0,0,0,0,0,0,0,0,0,0,0,0,0,0,0,0,0,0
"0515 COAa-PAA-MEA Barhl2 Glut_7",14,0,0,1,2,0,5,0,4,0,0,1,0,0,0,0,0,8,3,0,0,0,0,1,0,18,4,0,0,0,0,0,0,0,0,0,0,162,0,0,0,0,0,0,0,1,0,0,0,0,0,1,0,0,0,0,1,0,0,0,0,0,0,0,0,0,0,1,0,0,0,0,0,0,0,0
"0516 COAa-PAA-MEA Barhl2 Glut_8",3,0,2,1,0,0,1,0,0,0,0,0,0,0,2,0,0,3,0,0,0,0,0,2,0,0,2,0,0,0,1,0,0,0,1,0,0,81,0,0,0,0,0,0,0,0,0,0,0,0,0,0,0,0,0,0,1,0,0,0,1,0,0,0,0,0,0,1,0,0,0,0,0,0,0,0
"0517 COAa-PAA-MEA Barhl2 Glut_9",1,0,0,0,1,0,0,0,2,0,0,0,0,0,0,0,0,0,0,0,0,0,0,0,0,4,0,0,0,0,0,0,0,0,0,0,0,15,0,0,0,0,0,0,0,0,0,0,0,0,0,0,0,0,0,0,0,0,0,0,1,0,0,0,0,0,0,0,0,0,0,0,0,0,0,0
"0518 MS-SF Bsx Glut_1",21,0,3,116,3,0,2,0,7,0,0,6,10,4,0,2,1,5,5,1,0,1,0,38,0,2,5,0,0,3,0,0,4,0,13,1,0,1,0,2,6,1,0,0,0,5,0,1,0,0,0,0,3,0,0,0,2,0,1,0,0,0,0,0,0,0,0,8,0,0,1,0,0,0,0,0
"0519 AVPV-MEPO-SFO Tbr1 Glut_1",2,0,0,2,2,0,7,0,1,0,0,0,0,0,0,0,0,2,1,0,0,0,0,2,0,8,4,0,0,0,0,0,0,0,0,0,0,16,0,0,0,0,0,0,0,1,0,0,0,0,0,0,0,0,0,0,0,0,0,0,0,0,0,0,1,0,0,0,0,0,0,0,0,0,0,0
"0520 AVPV-MEPO-SFO Tbr1 Glut_2",5,0,0,55,1,0,1,0,0,0,0,0,0,0,0,0,0,1,0,0,0,0,0,7,0,0,0,0,0,0,0,0,0,0,0,0,0,0,0,0,0,0,0,0,0,5,0,0,0,0,0,0,0,0,0,0,0,0,0,0,0,0,0,0,0,0,0,0,0,0,0,0,0,0,0,0
"0521 AVPV-MEPO-SFO Tbr1 Glut_3",1,0,0,37,0,0,1,0,1,0,0,0,0,0,0,0,0,1,0,0,0,1,0,1,0,0,0,0,0,0,0,0,0,0,0,0,0,1,0,0,0,0,0,0,0,0,0,0,0,0,0,0,0,0,0,0,0,0,0,0,0,0,0,0,0,0,0,0,0,0,0,0,0,0,0,0
"0522 AVPV-MEPO-SFO Tbr1 Glut_4",5,0,1,5,0,0,27,0,0,0,0,0,1,0,0,0,0,1,1,0,0,0,0,1,0,0,0,0,0,0,0,0,0,0,0,0,0,0,0,0,0,1,0,0,0,6,0,0,0,0,0,0,0,0,0,0,0,0,0,0,0,0,0,0,0,0,0,0,0,0,0,0,0,0,0,0
"0523 AVPV-MEPO-SFO Tbr1 Glut_5",0,0,0,2,0,0,1,0,0,0,0,0,0,0,1,0,0,0,0,0,0,0,0,0,0,0,0,0,0,0,0,0,0,0,0,0,0,0,0,0,0,0,0,0,0,0,0,0,0,0,0,0,0,0,0,0,0,0,0,0,0,0,0,0,0,0,0,0,0,0,0,0,0,0,0,0
"0524 LHA Barhl2 Glut_1",39,0,9,20,3,1,344,0,9,0,1,1,8,1,2,0,1,7,7,0,0,0,0,8,0,1,6,1,0,0,1,3,0,0,14,0,1,8,0,0,5,0,1,1,0,3,0,1,0,7,0,0,0,0,0,0,0,0,0,1,0,0,0,0,6,0,0,48,0,0,0,0,0,0,0,0
"0525 LHA Barhl2 Glut_2",18,0,1,76,6,0,211,0,2,0,0,0,5,0,0,0,0,2,3,0,0,0,0,5,0,1,2,0,0,0,0,0,0,0,3,0,0,1,0,0,1,2,0,0,0,1,0,0,0,2,0,0,0,0,0,0,2,0,0,0,0,0,0,0,0,0,0,7,0,0,1,0,0,0,0,0
"0526 LHA Barhl2 Glut_3",4,0,0,38,0,0,3,0,1,0,0,1,0,1,0,0,0,2,2,0,0,0,0,0,0,0,0,0,0,0,0,0,0,0,0,0,0,0,0,0,1,0,0,0,0,0,0,0,0,0,0,0,0,0,0,0,0,0,0,12,0,0,0,0,0,0,0,0,0,0,0,0,0,0,0,0
"0527 ADP-MPO Trp73 Glut_1",9,0,1,13,0,0,29,0,0,0,0,0,8,0,0,1,0,1,2,0,0,0,0,8,0,0,0,0,0,0,1,0,0,0,0,0,0,0,0,0,1,0,0,0,0,0,0,0,0,0,0,0,0,0,0,0,0,0,0,0,0,0,0,0,0,0,0,5,0,0,0,0,0,0,0,0
"0528 ADP-MPO Trp73 Glut_2",16,0,4,1,3,0,38,0,4,0,0,0,2,0,1,0,1,2,1,0,0,0,0,4,0,0,0,0,0,0,1,0,0,0,6,0,0,15,0,0,0,0,0,0,0,2,0,0,0,1,0,0,0,0,0,0,0,0,0,0,0,0,0,0,30,0,0,1,1,0,0,0,0,0,0,0
"0529 ADP-MPO Trp73 Glut_3",18,0,0,0,0,0,27,0,3,0,0,0,2,0,1,0,0,2,1,0,0,0,0,4,0,0,0,0,0,0,0,0,0,0,0,0,0,0,0,0,2,0,0,0,0,1,0,0,0,0,0,0,0,0,0,0,1,0,0,0,0,0,0,0,191,0,0,0,0,0,0,0,0,0,0,0
"0530 SI-MA-LPO-LHA Skor1 Glut_1",52,0,5,8,10,0,338,0,3,0,1,0,4,0,0,0,0,7,6,1,0,0,0,2,0,1,0,0,1,1,0,1,0,0,13,1,1,1,0,0,1,1,1,0,0,1,0,0,0,0,0,0,0,0,0,0,0,0,0,0,1,0,0,0,2,0,0,3,0,1,0,0,0,0,0,0
"0531 SI-MA-LPO-LHA Skor1 Glut_2",19,0,0,2,1,0,119,0,6,0,0,0,1,0,1,0,0,2,0,0,0,1,0,1,0,1,0,1,1,0,0,0,0,0,9,1,0,1,0,0,3,0,0,0,0,0,0,0,0,0,0,0,0,0,0,0,0,0,0,0,0,0,0,0,0,2,0,0,0,0,0,0,0,0,0,0
"0532 SI-MA-LPO-LHA Skor1 Glut_3",34,0,0,3,0,0,316,0,1,0,0,0,1,1,1,0,0,7,2,0,0,2,0,5,0,1,0,0,0,0,0,1,0,0,1,1,0,3,0,0,3,1,0,0,0,3,0,0,0,1,0,0,0,0,0,0,2,0,0,0,0,0,0,0,1,0,0,3,0,0,0,0,0,0,0,0
"0533 SI-MA-LPO-LHA Skor1 Glut_4",16,0,5,1,3,0,120,1,12,0,0,0,13,2,0,1,2,5,5,1,0,1,0,8,0,1,0,1,1,1,0,0,1,0,12,1,0,0,0,0,2,1,0,0,0,3,0,0,0,1,0,0,0,0,0,0,1,0,0,0,0,0,0,0,0,0,0,0,0,0,0,0,0,0,0,0
"0534 SI-MA-LPO-LHA Skor1 Glut_5",27,0,3,1,0,0,182,1,5,0,0,0,3,0,1,0,1,7,6,1,0,1,0,2,0,4,0,0,0,1,1,0,0,0,11,1,1,1,0,0,3,1,1,0,1,3,0,0,0,0,0,0,0,1,0,1,2,0,0,0,2,0,0,0,2,0,0,5,0,0,0,0,0,0,0,0
"0535 SI-MA-LPO-LHA Skor1 Glut_6",9,0,1,0,1,1,190,0,7,0,0,0,0,0,0,0,0,4,3,0,0,1,0,2,0,4,1,0,0,0,0,0,1,0,3,0,0,5,0,0,1,0,0,0,0,0,1,0,0,1,0,0,0,0,0,0,1,0,0,0,0,0,0,1,0,0,0,1,0,0,0,0,0,0,0,0
"0536 SI-MA-LPO-LHA Skor1 Glut_7",9,0,3,0,1,0,136,2,3,0,0,0,0,0,2,0,0,1,3,1,0,1,1,0,0,0,1,0,0,1,0,0,0,0,2,1,0,2,0,0,1,0,0,0,0,0,0,0,0,0,0,0,0,2,0,0,0,0,0,0,0,0,0,0,0,0,0,0,0,0,0,0,0,0,0,0
"0537 SI-MA-LPO-LHA Skor1 Glut_8",2,0,0,0,0,0,63,0,1,0,0,0,0,0,1,0,0,1,0,1,0,0,0,0,0,0,0,0,0,0,0,0,0,0,0,0,0,0,0,0,0,0,0,0,0,0,0,0,0,0,0,0,0,0,0,0,0,0,0,0,0,0,0,0,0,0,0,0,0,0,0,0,0,0,0,0
"0538 MEA Otp Foxp2 Glut_1",13,0,1,0,0,0,0,0,4,0,0,0,0,0,1,0,0,4,4,0,0,0,0,0,0,206,1,0,0,1,0,0,0,0,1,0,1,19,0,0,1,0,0,0,0,0,0,0,0,0,0,0,0,0,0,0,3,0,0,0,1,0,0,0,0,0,0,0,0,0,1,0,0,0,0,0
"0539 MEA-BST Otp Zic2 Glut_1",10,0,0,6,0,0,6,0,2,0,0,0,3,0,0,0,0,3,3,0,0,0,0,3,0,78,1,0,0,0,1,0,0,0,1,0,0,26,0,0,0,0,0,0,0,0,1,0,0,0,0,0,0,0,0,0,1,0,0,0,0,0,0,0,0,0,0,3,0,0,0,0,0,0,0,0
"0540 MEA-BST Otp Zic2 Glut_2",7,0,0,2,0,0,0,0,0,0,0,0,0,0,0,0,0,1,2,0,0,0,0,1,0,66,0,0,0,0,0,0,0,0,2,0,0,0,0,0,0,0,0,0,0,0,0,0,0,0,0,0,0,0,0,0,0,0,0,0,0,0,0,0,0,0,0,0,0,0,0,0,0,0,0,0
"0541 MEA-BST Otp Zic2 Glut_3",2,0,0,0,1,0,0,0,0,0,0,0,0,0,0,0,0,0,1,0,0,0,0,0,0,18,0,0,0,0,0,0,0,0,0,0,0,0,0,0,1,0,0,0,0,0,0,0,0,0,0,0,0,0,0,0,0,0,0,0,1,0,0,0,0,0,0,0,0,0,0,0,0,0,0,0
"0542 LHA-MEA Otp Glut_1",10,0,2,46,2,0,3,0,0,0,0,0,0,0,1,0,0,0,2,0,0,0,0,2,0,39,1,0,0,0,0,0,0,0,1,0,0,0,0,0,1,0,0,0,0,1,0,0,0,0,0,0,0,0,0,0,1,0,0,0,0,0,0,0,0,0,0,2,0,0,0,0,0,0,0,0
"0543 LHA-MEA Otp Glut_2",1,0,0,9,1,0,0,0,1,0,0,0,0,0,0,0,0,1,0,0,0,0,0,0,0,10,0,0,0,0,0,0,0,0,0,0,0,0,0,0,0,0,0,0,0,0,0,0,0,0,0,0,0,0,0,0,1,0,0,0,0,0,0,0,0,0,0,0,0,0,0,0,0,0,0,0
"0544 DMH Nkx2-4 Glut_1",2,0,1,0,1,0,0,0,0,0,0,0,1,0,0,0,0,4,5,0,0,0,0,5,0,0,0,0,0,0,0,0,0,0,1,0,0,0,0,0,1,1,0,0,0,60,0,0,0,0,0,0,0,0,0,0,1,0,0,0,0,0,0,0,0,0,0,0,0,0,0,0,0,0,0,0
"0545 DMH Nkx2-4 Glut_2",14,0,0,0,0,0,0,0,0,0,0,0,0,0,0,0,0,0,2,0,0,0,0,8,0,0,0,0,0,0,0,0,0,0,0,0,0,0,0,0,0,1,0,0,0,97,0,0,0,0,0,0,0,0,0,0,0,0,0,0,0,0,0,0,0,0,0,1,0,0,0,0,0,0,0,0
"0546 MPN-MPO-PVpo Hmx2 Glut_1",13,0,4,0,24,0,17,0,1,0,0,0,1,0,0,0,0,4,1,0,0,0,0,6,0,1,1,0,0,0,0,1,0,0,0,0,0,1,0,0,1,43,0,0,0,23,0,0,0,0,0,0,0,0,0,0,0,0,0,0,0,0,0,0,0,0,0,0,0,0,0,0,0,0,0,0
"0547 MPN-MPO-PVpo Hmx2 Glut_2",4,0,0,0,60,0,2,0,0,0,0,0,0,0,0,0,0,1,2,0,0,0,0,5,0,0,0,0,0,0,3,1,0,0,3,0,0,0,0,0,0,0,0,0,0,9,0,0,0,0,0,0,0,0,0,0,1,0,0,0,0,0,0,0,0,0,0,0,0,0,0,0,0,0,0,0
"0548 MPN-MPO-PVpo Hmx2 Glut_3",9,0,1,0,20,0,7,0,1,0,0,0,6,0,0,0,0,1,0,1,0,0,0,9,0,0,1,0,0,0,0,3,0,0,1,0,0,0,0,1,0,1,0,0,0,25,1,0,0,0,0,0,0,0,0,0,0,0,0,0,0,0,0,0,1,0,0,0,0,0,0,0,0,0,0,0
"0549 MPN-MPO-PVpo Hmx2 Glut_4",3,0,2,2,23,0,7,0,2,0,0,0,4,0,0,0,0,2,1,0,0,0,0,5,0,4,0,0,0,1,0,26,6,0,1,0,0,0,0,0,0,0,0,0,0,27,0,0,0,0,0,0,1,0,0,0,5,0,0,0,0,0,0,0,0,0,0,0,0,0,0,0,0,0,0,0
"0550 MPN-MPO-PVpo Hmx2 Glut_5",1,0,0,0,7,0,0,0,0,0,0,0,0,0,0,0,0,1,2,0,0,0,0,1,0,0,0,0,0,0,0,1,0,0,0,0,0,0,0,0,0,0,0,0,0,24,1,0,0,0,0,0,0,0,0,0,0,0,0,0,0,0,0,0,0,0,0,0,0,0,0,0,0,0,0,0
"0551 MPN-MPO-PVpo Hmx2 Glut_6",1,0,0,0,4,0,1,0,0,0,0,0,0,0,0,0,0,0,0,0,0,0,0,1,0,0,0,0,0,0,0,0,1,0,0,0,0,0,0,0,0,0,0,0,0,24,0,0,0,0,0,0,0,0,0,0,2,0,0,0,0,0,0,0,0,0,0,0,0,0,0,0,0,0,0,0
"0552 DMH Hmx2 Glut_1",29,0,2,5,7,0,3,0,1,0,0,0,7,3,1,0,0,15,17,0,0,2,0,5,0,1,1,0,1,4,0,0,1,0,8,0,0,0,0,0,3,314,1,0,0,29,0,0,0,0,0,0,0,0,0,0,3,7,0,0,2,0,0,0,0,0,0,1,0,0,0,0,0,0,0,0
"0553 DMH Hmx2 Glut_2",4,0,0,0,3,0,1,0,0,0,0,2,0,0,0,0,0,0,2,0,0,0,0,4,0,0,0,0,0,2,0,1,3,0,3,0,0,0,0,0,1,24,0,0,0,8,0,0,0,0,0,0,0,0,0,0,1,0,0,0,0,0,0,0,0,0,0,0,0,0,0,0,0,0,0,0
"0554 ARH-PVp Tbx3 Glut_1",8,0,1,2,21,0,4,0,1,0,0,0,2,0,0,0,0,1,3,0,0,0,0,6,0,0,0,0,0,0,2,0,8,0,0,0,0,0,0,1,0,11,0,0,0,32,0,0,0,0,0,0,1,0,0,0,0,1,0,0,0,0,0,0,0,0,0,1,0,0,0,0,0,0,0,0
"0555 ARH-PVp Tbx3 Glut_2",11,0,0,0,0,0,0,0,0,0,0,0,0,0,0,0,1,0,4,0,0,0,0,1,0,0,0,0,0,0,0,0,5,0,0,0,0,0,0,1,1,1,0,0,0,200,0,0,0,0,0,0,0,0,0,0,0,0,0,0,0,0,0,0,0,0,0,0,0,0,0,0,0,0,0,0
"0556 ARH-PVp Tbx3 Glut_3",9,0,1,0,2,0,0,0,0,0,0,0,1,0,1,0,0,2,1,0,0,0,0,0,0,0,0,0,0,0,0,1,1,0,1,0,0,0,0,0,2,0,0,0,0,120,0,0,0,0,0,0,0,0,0,0,0,0,0,0,0,0,0,0,0,0,0,0,0,0,0,0,0,0,0,0
"0557 ARH-PVp Tbx3 Glut_4",5,0,0,0,42,0,1,0,1,0,0,0,0,0,0,0,0,0,0,0,0,0,0,5,0,0,0,0,0,0,0,0,0,0,0,0,0,0,0,0,1,4,0,0,0,1,0,0,0,0,0,0,0,0,0,0,0,0,0,0,0,0,0,0,0,0,0,0,0,0,0,0,0,0,0,0
"0558 ARH-PVp Tbx3 Glut_5",5,0,1,1,3,0,7,0,1,0,0,1,17,0,0,0,0,0,0,0,0,0,0,14,0,0,0,0,0,1,1,0,1,0,1,0,0,0,0,1,1,4,0,0,0,2,0,0,0,0,0,0,7,0,1,0,0,1,0,1,0,0,0,0,0,0,0,1,0,0,0,0,0,0,0,0
"0559 DMH-LHA Vgll2 Glut_1",1,0,0,0,0,0,1,0,0,0,0,0,1,0,0,0,0,0,0,0,0,0,0,0,0,0,3,0,0,0,0,0,0,0,0,0,0,0,0,0,0,2,0,0,0,0,0,0,0,0,0,0,0,0,0,0,0,0,0,0,0,0,0,0,0,0,0,2,0,0,0,0,0,0,0,0
"0560 DMH-LHA Vgll2 Glut_2",1,0,0,0,0,0,0,0,0,0,0,0,0,0,0,0,0,2,1,0,0,0,0,0,0,0,0,0,0,0,0,0,0,0,1,0,0,0,0,0,0,154,0,0,0,1,0,0,0,0,0,0,0,0,0,0,0,0,0,0,0,0,0,0,0,0,0,0,0,0,0,0,0,0,0,0
"0561 DMH-LHA Vgll2 Glut_3",2,0,0,0,2,0,0,0,0,0,0,0,0,0,0,0,0,0,1,0,0,0,0,0,0,0,0,0,0,1,0,0,0,0,2,0,0,0,0,0,1,62,0,0,0,4,0,0,0,0,0,0,0,0,0,0,0,1,0,0,0,0,0,0,0,0,0,0,0,0,0,0,0,0,0,0
"0562 DMH-LHA Vgll2 Glut_4",5,0,0,0,1,0,0,0,0,0,0,0,0,0,0,0,0,0,1,0,0,0,0,1,0,0,0,0,0,0,0,0,0,0,0,0,0,0,0,0,0,47,0,0,0,5,0,0,0,0,0,0,0,0,0,0,0,0,0,0,0,0,0,0,0,0,0,0,0,0,0,0,0,0,0,0
"0563 VMH Fezf1 Glut_1",2,0,0,1,104,0,0,0,0,0,0,0,0,0,0,0,0,1,2,0,0,0,0,0,0,1,0,0,0,0,0,2,0,0,1,0,0,0,0,0,1,0,0,0,0,3,0,0,0,0,0,0,0,0,0,0,1,0,0,0,4,0,0,0,0,0,0,0,0,0,0,0,0,0,0,0
"0564 VMH Fezf1 Glut_2",10,0,1,13,251,0,1,0,0,0,0,0,1,0,0,0,0,2,4,1,0,0,0,6,0,3,0,0,0,0,0,1,0,0,1,0,0,0,0,0,1,1,0,0,0,5,0,0,0,0,0,0,0,0,0,0,1,0,0,0,11,0,0,0,0,1,0,1,0,0,0,0,0,0,0,0
"0565 VMH Fezf1 Glut_3",2,0,0,1,201,0,1,0,0,0,0,0,0,0,0,0,0,3,3,0,0,0,0,1,0,2,0,0,0,0,0,0,0,0,0,0,0,0,0,0,0,0,0,0,0,0,0,0,0,0,0,0,0,0,0,0,0,0,0,0,6,0,0,0,0,0,0,0,0,0,0,0,0,0,0,0
"0566 VMH Nr5a1 Glut_1",14,0,1,1,251,0,1,0,6,0,0,1,4,0,0,0,1,5,3,0,0,0,2,6,0,0,0,0,0,1,0,0,1,0,4,0,0,0,0,1,2,5,0,0,0,6,0,0,0,0,0,0,0,0,0,0,1,0,0,0,24,0,0,0,0,0,0,0,0,0,0,0,0,0,0,0
"0567 VMH Nr5a1 Glut_2",4,0,1,0,314,0,0,0,5,0,0,0,1,0,1,0,0,7,8,1,0,0,1,1,0,0,0,0,0,1,0,0,0,0,4,0,0,0,0,0,1,0,0,0,0,2,0,0,0,0,0,0,0,0,0,0,0,0,0,0,30,0,0,0,0,1,0,0,0,0,0,0,0,0,0,0
"0568 VMH Nr5a1 Glut_3",5,0,0,1,867,0,0,0,5,0,0,0,1,0,0,0,0,18,13,0,0,0,0,4,0,1,0,0,0,0,0,0,0,0,11,0,1,0,0,0,6,0,1,0,0,1,0,0,0,0,0,0,0,0,0,0,0,0,0,0,108,0,0,0,0,1,0,1,0,0,0,0,0,0,0,0
"0569 VMH Nr5a1 Glut_4",2,0,0,0,486,0,1,0,2,0,1,1,0,0,1,0,0,13,15,0,0,0,0,0,0,3,0,0,0,0,0,0,0,0,7,0,1,0,0,0,8,0,1,0,0,0,0,0,0,0,0,0,0,0,0,0,2,0,0,0,59,0,0,0,0,0,0,0,0,0,0,0,0,0,0,0
"0570 VMH Nr5a1 Glut_5",3,0,2,0,206,0,0,0,0,0,0,0,0,0,0,0,0,8,7,0,0,1,1,5,0,1,0,0,0,0,0,0,0,0,0,0,1,0,0,0,1,1,0,0,0,0,0,0,0,0,0,0,0,0,0,0,0,0,0,1,24,0,0,0,0,0,0,2,0,0,0,0,0,0,0,0
"0571 VMH Nr5a1 Glut_6",0,0,0,0,37,0,0,0,0,0,0,0,0,0,0,0,0,0,0,0,0,0,0,0,0,0,0,0,0,0,0,0,0,0,0,0,0,0,0,0,0,0,0,0,0,0,0,0,0,0,0,0,0,0,0,0,0,0,0,0,1,0,0,0,0,0,0,0,0,0,0,0,0,0,0,0
"0572 LHA Pmch Glut_1",5,0,0,0,0,0,1,0,0,0,0,0,1,0,0,0,0,3,0,0,0,0,0,0,0,0,0,0,0,0,0,0,0,0,0,0,0,0,0,0,0,0,0,0,0,0,0,0,0,0,0,0,0,0,0,0,0,0,0,0,0,0,0,0,0,0,0,0,0,0,111,0,0,0,0,0
"0573 LHA Pmch Glut_2",7,0,1,5,2,0,2,0,0,0,0,1,9,0,0,0,0,2,2,0,0,0,1,4,0,0,5,0,0,2,20,0,0,0,0,1,0,0,0,0,1,1,0,0,0,0,0,0,0,0,0,0,1,0,0,0,0,0,0,0,0,0,0,0,0,0,0,4,0,1,67,0,0,0,0,0
"0574 LHA-AHN-PVH Otp Trh Glut_1",13,0,0,198,0,0,2,0,1,0,0,0,3,0,0,0,0,4,2,0,0,0,0,2,0,0,0,0,0,0,0,2,0,0,0,0,0,2,0,1,1,0,0,0,0,1,0,1,0,0,0,0,0,0,0,0,0,0,0,0,0,0,0,0,0,0,0,17,0,0,0,0,0,0,0,0
"0575 LHA-AHN-PVH Otp Trh Glut_2",4,0,0,160,0,0,0,0,0,0,0,1,0,0,2,0,0,4,1,0,0,0,0,0,0,1,0,0,0,0,0,0,2,0,0,0,0,0,0,0,1,1,0,0,0,0,0,0,0,0,0,0,0,0,0,0,0,0,0,0,0,0,0,0,0,0,0,0,0,0,0,0,0,0,0,0
"0576 LHA-AHN-PVH Otp Trh Glut_3",11,0,0,203,0,0,0,0,1,0,0,0,0,0,0,0,0,1,3,0,0,0,0,0,0,0,0,0,0,0,0,0,0,0,0,0,0,0,0,1,1,0,0,0,0,0,0,0,0,0,0,0,0,0,0,0,0,0,0,0,0,0,0,0,0,0,0,0,0,0,0,0,0,0,0,0
"0577 LHA-AHN-PVH Otp Trh Glut_4",2,0,0,95,1,0,0,0,2,0,0,0,0,0,0,0,0,4,1,0,0,0,0,0,0,0,0,0,0,0,0,0,0,0,0,0,0,0,0,0,0,0,0,0,0,0,0,0,0,0,0,0,0,0,0,2,0,0,0,0,0,0,0,0,0,0,0,0,0,0,0,0,0,0,0,0
"0578 LHA-AHN-PVH Otp Trh Glut_5",6,0,0,43,0,0,1,0,0,0,0,0,0,0,0,0,0,0,0,0,0,0,0,2,0,0,0,0,0,0,0,0,0,0,0,0,0,0,0,0,0,0,0,0,0,0,0,0,0,0,0,0,0,0,0,0,0,0,0,0,0,0,0,0,0,0,0,0,0,0,0,0,0,0,0,0
"0579 AHN-RCH-LHA Otp Fezf1 Glut_1",20,0,2,87,1,0,1,0,2,0,0,0,1,0,0,0,0,3,4,0,0,1,0,0,0,4,0,0,1,0,0,1,0,0,1,0,0,0,0,0,0,0,1,0,0,0,0,0,0,0,0,0,0,0,0,0,0,0,0,0,0,0,0,0,0,0,0,186,0,0,0,0,0,0,0,0
"0580 AHN-RCH-LHA Otp Fezf1 Glut_2",40,0,5,438,4,0,15,0,0,0,0,0,4,1,1,0,0,12,5,0,0,2,0,18,0,5,0,0,1,0,0,2,1,0,3,0,0,1,0,0,3,2,0,0,0,3,1,0,0,0,0,0,1,0,0,1,0,0,0,0,1,0,0,0,0,0,0,8,0,0,0,0,0,0,0,0
"0581 AHN-RCH-LHA Otp Fezf1 Glut_3",24,0,2,156,1,0,2,0,0,0,0,0,2,0,0,0,0,1,2,0,0,2,0,4,0,3,0,0,0,0,0,0,2,0,1,0,0,0,0,0,2,0,0,0,0,3,0,0,0,0,0,0,0,0,0,0,0,0,0,0,0,0,0,0,0,0,0,8,0,0,0,0,0,0,0,0
"0582 AHN-RCH-LHA Otp Fezf1 Glut_4",20,0,1,177,0,0,4,0,0,0,0,1,0,0,0,0,0,6,3,0,0,0,1,2,0,3,1,0,0,0,0,0,0,0,2,0,0,0,0,0,1,1,0,0,0,1,0,0,0,0,0,1,0,0,0,0,0,0,0,0,0,0,0,0,0,0,0,3,0,0,0,0,0,0,0,0
"0583 AHN-RCH-LHA Otp Fezf1 Glut_5",6,0,0,82,0,0,0,0,0,0,0,0,1,0,0,0,0,0,0,0,0,0,0,0,0,0,0,0,0,0,0,0,0,0,0,0,0,0,0,0,0,0,0,0,0,0,0,0,0,0,0,0,0,0,0,0,0,0,0,0,0,0,0,0,0,0,0,0,0,0,0,0,0,0,0,0
"0584 AHN-RCH-LHA Otp Fezf1 Glut_6",1,0,0,218,0,0,0,0,0,0,0,0,1,0,0,0,0,1,2,0,0,0,0,1,0,0,0,0,0,0,0,0,0,0,0,0,0,0,0,0,1,0,0,0,0,0,0,0,0,0,0,0,0,0,0,0,0,0,0,0,0,0,0,0,0,0,0,2,0,0,0,0,0,0,0,0
"0585 PVH-SO-PVa Otp Glut_1",21,0,1,3,0,0,2,0,2,0,0,0,5,0,1,0,0,4,4,0,0,1,0,4,0,0,3,0,0,0,0,0,0,0,1,0,1,1,0,0,2,2,4,0,0,6,0,0,0,0,0,0,0,0,0,0,1,0,0,0,0,0,0,0,0,0,0,159,0,0,1,0,0,0,0,0
"0586 PVH-SO-PVa Otp Glut_2",31,0,1,4,0,0,3,0,0,0,0,0,7,0,0,1,0,3,6,0,0,0,0,4,0,0,31,0,0,1,1,0,0,0,2,0,0,0,0,0,1,0,0,0,0,1,1,1,0,0,0,0,1,0,0,1,0,1,0,0,0,0,0,0,0,0,0,265,0,0,0,0,0,0,0,0
"0587 PVH-SO-PVa Otp Glut_3",28,0,0,1,1,1,0,0,1,0,0,0,0,0,0,0,0,3,5,0,0,0,0,0,0,0,0,0,0,0,0,0,0,0,0,0,0,0,0,0,0,0,3,0,0,0,0,0,0,0,0,0,0,0,0,254,0,0,0,0,0,0,0,0,0,0,0,1,0,0,0,0,0,0,0,0
"0588 PVH-SO-PVa Otp Glut_4",1,0,0,1,1,0,0,0,0,0,0,0,0,0,0,0,0,5,6,0,0,0,0,0,0,0,0,0,0,0,0,0,0,0,0,0,0,0,0,0,3,0,668,0,0,0,0,0,0,0,0,0,0,0,0,2,0,0,0,0,1,0,0,0,0,0,0,1,0,0,0,0,0,0,0,0
"0589 PVH-SO-PVa Otp Glut_5",10,0,0,4,0,0,0,0,1,0,0,0,0,0,1,0,0,2,5,0,0,0,0,2,0,0,0,0,0,0,0,1,1,0,0,0,0,0,0,0,0,0,9,0,0,2,0,0,0,0,0,0,0,0,0,88,0,0,0,0,0,0,0,0,0,0,0,2,0,0,0,0,0,0,0,0
"0590 PVH-SO-PVa Otp Glut_6",5,0,0,67,0,0,0,0,0,0,0,0,1,0,0,0,0,1,1,0,0,0,0,0,0,2,0,0,0,0,0,0,5,0,1,0,0,0,0,0,0,0,0,0,0,0,0,0,0,0,0,0,0,0,0,0,0,0,0,0,0,0,0,0,0,0,0,0,0,0,0,0,0,0,0,0
"0591 PH-ant-LHA Otp Bsx Glut_1",16,0,2,47,0,0,4,0,0,0,0,0,4,0,0,0,0,2,5,0,0,0,0,12,0,0,1,0,0,1,1,0,0,0,2,0,0,0,0,0,1,2,0,0,0,8,0,0,0,0,0,0,0,0,0,1,0,0,0,0,0,0,0,0,0,0,0,116,0,0,0,0,0,0,0,0
"0592 PH-ant-LHA Otp Bsx Glut_2",11,0,0,3,0,0,4,0,1,0,0,0,7,0,0,0,0,1,3,0,0,0,0,3,0,0,0,0,0,1,0,0,0,0,0,0,0,0,0,0,0,0,0,0,0,6,0,0,0,0,0,0,0,0,0,0,0,0,0,0,0,0,0,0,1,0,0,88,0,0,0,0,0,0,0,0
"0593 PH-ant-LHA Otp Bsx Glut_3",9,0,0,5,1,0,4,0,0,0,0,0,0,0,0,0,1,0,0,0,0,0,0,3,0,0,0,0,0,0,0,0,0,0,0,0,0,0,0,0,0,0,0,0,0,0,0,0,0,0,0,0,0,0,0,0,0,0,0,0,0,0,0,0,0,0,0,81,0,0,0,0,0,0,0,0
"0594 PH-ant-LHA Otp Bsx Glut_4",13,0,0,4,0,0,6,0,1,0,0,0,0,0,0,0,0,4,1,0,0,0,0,1,0,0,0,0,0,0,1,0,0,0,2,0,0,0,0,0,2,0,0,0,0,0,0,0,0,1,0,0,0,0,0,0,0,0,0,0,0,0,0,0,0,0,0,156,0,0,0,0,0,0,0,0
"0595 PH-ant-LHA Otp Bsx Glut_5",14,0,0,2,0,0,1,0,0,0,0,0,0,0,0,0,0,1,1,0,0,1,1,1,0,0,0,0,0,0,1,0,1,0,1,0,0,0,0,0,0,0,0,0,0,4,0,0,0,0,0,0,0,0,0,0,0,0,0,0,0,0,0,0,0,0,0,112,0,0,0,0,0,0,0,0
"0596 PH-ant-LHA Otp Bsx Glut_6",8,0,1,1,0,0,0,0,0,0,0,0,1,0,0,0,0,1,0,0,0,1,0,2,0,0,1,0,0,0,0,0,0,0,1,1,0,0,0,0,0,0,0,0,0,0,0,0,0,0,0,0,0,0,0,0,0,0,0,0,0,0,0,0,0,1,0,75,0,0,0,0,0,0,0,0
"0597 PH-ant-LHA Otp Bsx Glut_7",23,0,1,1,0,0,0,0,1,0,0,0,1,1,0,0,1,2,4,0,0,2,1,1,0,1,0,0,0,0,0,0,0,0,1,0,1,1,0,0,4,0,0,0,0,0,0,0,0,0,0,1,0,0,0,0,0,0,0,0,0,1,0,0,0,0,0,154,0,0,0,0,0,0,0,0
"0598 STN-PSTN Pitx2 Glut_1",17,0,0,0,0,0,3,0,1,0,0,0,0,0,0,0,0,3,3,0,0,0,0,0,0,0,134,0,0,0,0,0,0,0,1,0,0,0,0,0,0,0,0,23,0,0,0,0,0,0,0,0,0,0,0,0,0,0,0,0,0,0,0,0,0,0,0,8,0,0,0,0,0,0,0,0
"0599 STN-PSTN Pitx2 Glut_2",5,0,0,0,0,0,0,0,0,0,0,0,1,0,0,0,0,1,4,0,0,0,0,0,0,0,76,0,0,0,1,0,0,0,1,0,0,1,0,0,1,0,0,6,0,0,0,0,0,0,0,0,0,0,0,0,0,0,0,0,0,0,0,0,0,0,0,0,0,0,0,0,0,0,0,0
"0600 STN-PSTN Pitx2 Glut_3",7,0,0,1,0,0,6,0,0,0,0,0,0,0,0,0,0,1,2,0,0,0,0,0,0,0,111,0,0,0,0,0,0,0,0,0,0,0,0,0,0,0,0,0,0,0,0,0,0,0,0,0,0,0,0,0,0,0,0,0,0,0,0,0,0,0,0,1,0,0,0,0,0,0,0,0
"0601 STN-PSTN Pitx2 Glut_4",5,0,0,0,0,0,1,0,0,0,0,0,1,0,0,0,0,1,5,1,0,0,0,1,0,0,61,0,0,0,0,0,0,0,0,0,0,0,0,0,0,0,0,0,0,0,0,0,0,0,0,0,0,0,0,0,0,0,0,0,0,0,0,0,0,0,0,3,0,0,0,0,0,0,0,0
"0602 STN-PSTN Pitx2 Glut_5",8,0,2,0,0,0,0,0,3,0,0,0,0,0,0,0,1,10,8,0,0,0,0,0,0,0,58,0,0,0,0,0,0,0,3,2,0,1,0,0,2,0,0,643,0,0,0,0,0,0,0,0,0,0,0,0,0,0,0,0,0,0,0,0,0,0,0,6,0,0,0,0,0,0,0,0
"0603 STN-PSTN Pitx2 Glut_6",5,0,0,1,0,0,3,0,0,0,0,0,0,0,0,0,0,0,1,0,0,0,1,0,0,0,22,0,0,0,0,0,0,0,3,0,0,0,0,0,0,0,0,14,0,1,0,0,0,0,0,0,0,0,0,0,1,0,0,0,0,0,0,0,0,0,0,0,0,0,0,0,0,0,0,0
"0604 STN-PSTN Pitx2 Glut_7",2,0,0,0,0,0,6,0,0,0,0,0,0,0,0,0,0,2,0,0,0,0,0,0,0,0,6,0,0,0,0,0,0,0,0,0,0,0,0,0,0,0,0,0,0,0,0,0,0,0,0,0,0,0,0,0,0,0,0,0,0,0,0,0,0,0,0,13,0,0,0,0,0,0,0,0
"0605 PMv-TMv Pitx2 Glut_1",14,0,0,1,1,0,2,0,1,0,0,0,1,0,0,0,0,2,0,0,0,0,1,0,0,2,92,0,0,3,0,0,0,0,1,0,0,2,0,0,3,0,0,0,0,0,0,0,0,0,0,0,0,0,0,0,0,0,0,0,0,0,0,0,0,0,0,1,0,0,0,0,0,0,0,0
"0606 PMv-TMv Pitx2 Glut_2",6,0,1,0,0,0,1,0,2,0,0,0,0,0,0,0,0,1,1,0,0,0,0,0,0,0,87,0,0,0,0,0,0,0,1,0,0,1,0,0,0,0,0,0,0,0,0,0,0,0,0,0,0,0,0,0,0,0,0,0,0,0,0,0,0,0,0,1,0,0,0,0,0,0,0,0
"0607 PMv-TMv Pitx2 Glut_3",10,0,0,0,0,0,1,0,1,0,0,0,0,1,0,0,0,2,4,0,0,0,0,0,0,1,139,0,0,0,0,0,0,0,1,0,0,0,0,0,1,0,0,0,0,0,0,0,0,0,0,0,0,0,0,0,0,0,0,0,0,0,0,0,0,0,0,0,0,0,0,0,0,0,0,0
"0608 PH-an Pitx2 Glut_1",9,0,0,2,0,0,0,0,0,0,1,0,1,0,0,0,0,2,0,0,0,0,0,2,0,0,0,0,0,0,3,0,0,0,0,0,0,0,0,0,0,0,0,0,0,0,0,0,0,0,0,0,0,0,0,0,0,0,0,0,0,0,0,0,0,0,0,64,0,0,0,0,0,0,0,0
"0609 PH-an Pitx2 Glut_2",4,0,0,3,0,0,0,0,1,0,0,0,1,0,0,0,0,1,1,0,0,2,0,2,0,1,0,0,0,0,0,0,0,0,0,0,0,0,0,0,0,0,0,0,0,0,0,0,0,0,0,0,0,0,0,0,0,0,0,0,0,0,0,0,0,0,0,60,0,0,0,0,0,0,0,0
"0610 PH Pitx2 Glut_1",5,0,1,1,1,0,1,0,0,0,0,0,0,0,0,0,0,2,1,0,0,0,1,0,0,1,52,0,0,1,0,0,0,0,0,0,0,1,0,0,0,0,0,0,0,0,0,0,0,0,0,0,0,0,0,0,0,0,0,0,0,0,0,0,0,0,0,0,0,0,0,0,0,0,0,0
"0611 PH Pitx2 Glut_2",35,0,6,5,4,0,13,0,5,0,0,0,7,0,0,0,2,4,8,0,0,0,0,3,0,9,210,1,0,3,1,2,0,0,19,0,1,4,1,0,6,1,0,0,0,1,0,0,0,0,0,0,0,0,0,0,2,0,0,0,0,0,0,0,0,0,0,10,0,0,0,0,0,0,0,0
"0612 PH-LHA Foxb1 Glut_1",26,0,3,11,3,0,2,0,2,0,1,4,17,0,0,1,0,5,8,2,0,0,0,7,0,4,5,1,0,2,19,0,0,0,19,0,2,1,0,1,6,1,1,0,1,0,0,1,0,0,0,0,1,0,0,1,3,0,0,0,0,0,0,0,0,0,0,73,0,0,0,0,0,0,0,0
"0613 PH-LHA Foxb1 Glut_2",6,0,1,3,1,0,2,0,0,0,0,0,16,1,0,0,0,2,1,0,0,0,0,5,0,0,3,0,0,2,46,0,0,0,5,0,0,0,0,0,1,0,0,1,0,0,0,0,0,0,0,0,1,0,0,0,0,0,0,0,0,0,0,0,0,0,1,9,0,0,0,0,0,0,0,0
"0614 PH-LHA Foxb1 Glut_3",5,1,0,0,0,0,0,0,0,0,0,0,1,0,1,0,0,0,3,0,0,0,0,0,0,0,0,0,0,0,180,0,0,0,0,0,0,0,0,0,0,0,0,0,0,0,0,0,0,0,0,0,0,0,0,0,0,0,0,0,0,0,0,0,0,0,0,0,0,0,0,0,0,0,0,0
"0615 PH-LHA Foxb1 Glut_4",0,0,0,0,0,0,0,0,0,0,0,0,0,0,0,0,0,0,0,0,0,0,0,1,0,0,2,0,0,0,47,0,0,0,1,0,0,1,0,0,0,0,0,0,0,0,0,0,0,0,0,0,0,0,0,0,0,0,0,0,0,0,0,0,0,0,0,1,0,0,0,0,0,0,0,0
"0616 PH-LHA Foxb1 Glut_5",4,0,0,1,1,0,0,0,0,0,0,0,0,0,0,0,1,1,1,0,0,0,0,1,0,2,2,0,0,0,19,0,0,0,0,0,0,0,0,0,0,0,0,0,0,0,0,0,0,0,0,0,0,0,0,0,1,0,0,0,0,0,0,0,0,0,0,7,0,0,0,0,0,0,0,0
"0617 PH-LHA Foxb1 Glut_6",2,0,0,0,0,0,0,0,0,0,0,0,4,0,0,0,0,0,1,0,0,0,0,0,0,0,0,0,0,0,30,0,0,0,1,0,0,0,0,0,0,0,0,0,0,0,0,0,0,0,0,0,0,0,0,0,0,0,0,0,0,0,0,0,0,0,0,0,0,0,0,0,0,0,0,0
"0618 PH-LHA Foxb1 Glut_7",4,0,0,0,0,0,0,0,0,0,0,0,1,0,0,0,0,0,2,0,0,0,0,0,0,0,1,0,0,0,10,0,0,0,0,0,0,0,0,0,1,0,0,0,0,1,0,0,0,0,0,0,0,0,0,0,0,0,0,0,0,0,0,0,0,0,0,7,0,0,0,0,0,0,0,0
"0619 PMd-LHA Foxb1 Glut_1",0,1,0,5,0,0,0,0,0,0,0,0,0,1,0,0,0,0,1,0,0,0,0,0,0,0,0,0,0,1,16,0,0,0,0,0,0,0,0,0,0,0,0,0,0,0,0,0,0,0,0,0,0,0,0,0,0,0,0,0,0,0,0,0,0,0,0,0,0,0,0,0,0,0,0,0
"0620 PMd-LHA Foxb1 Glut_2",9,0,1,4,6,0,6,0,1,0,0,0,0,0,0,0,0,4,5,0,0,0,1,0,0,1,2,0,0,0,276,0,0,0,1,0,0,0,0,0,1,1,0,0,0,2,0,0,0,0,0,0,0,0,0,0,0,0,0,0,0,0,0,0,0,0,0,5,0,0,0,0,0,0,0,0
"0621 PMd-LHA Foxb1 Glut_3",3,0,1,0,0,0,3,0,0,0,0,0,1,0,0,0,0,2,2,0,0,0,0,0,0,2,1,0,0,0,32,0,0,0,0,0,0,1,0,0,0,0,0,0,0,0,0,0,0,0,0,0,0,0,0,0,0,0,0,0,0,0,0,0,0,0,0,15,0,0,0,0,0,0,0,0
"0622 PH-SUM Foxa1 Glut_1",4,0,1,3,0,0,1,0,0,0,0,0,0,0,0,0,0,0,0,0,0,0,1,1,0,0,2,0,0,0,0,0,0,0,0,0,0,0,0,0,1,0,0,0,0,0,0,0,0,0,0,0,0,0,0,0,0,0,0,0,0,0,0,0,0,0,0,46,0,1,0,0,0,0,0,0
"0623 PH-SUM Foxa1 Glut_2",7,0,0,0,0,0,3,0,1,0,0,0,1,0,0,0,0,0,1,0,0,3,3,0,0,1,1,0,0,0,0,0,0,0,2,1,1,0,0,0,1,0,0,0,0,0,0,0,0,0,0,0,1,0,0,0,0,0,0,0,0,0,0,0,0,0,0,44,0,0,0,0,0,0,0,0
"0624 PH-SUM Foxa1 Glut_3",18,0,1,3,0,0,1,0,1,0,0,0,0,0,0,0,0,1,1,0,0,0,0,1,0,4,36,0,0,0,0,0,1,0,2,0,0,1,0,0,0,0,0,0,0,0,0,0,0,0,0,0,1,0,0,0,2,0,0,0,0,0,0,0,0,0,0,66,0,0,0,0,0,0,0,1
"0625 PH-SUM Foxa1 Glut_4",5,0,0,0,0,0,2,0,0,0,0,0,1,0,0,0,0,0,1,0,0,0,0,0,0,0,14,0,0,0,0,0,0,0,0,0,0,0,0,0,0,0,0,0,0,0,0,0,0,0,0,0,0,0,0,0,0,0,0,0,0,0,0,0,0,0,0,4,0,0,0,0,0,0,0,0
"0626 PH-SUM Foxa1 Glut_5",6,0,0,0,0,0,1,0,0,0,0,0,0,0,0,0,0,1,1,0,0,0,0,2,0,0,3,0,0,0,0,0,0,0,1,0,0,0,0,0,0,0,0,0,0,0,0,0,0,0,0,0,0,0,0,0,0,0,0,0,0,0,0,0,1,0,0,103,0,0,0,0,0,0,0,0
"0627 PH-SUM Foxa1 Glut_6",10,0,0,0,0,0,0,0,0,0,0,0,0,0,0,0,0,2,0,0,0,0,0,1,0,0,5,1,0,0,0,0,0,0,1,0,0,0,0,0,1,0,0,0,0,0,0,0,0,0,0,0,0,0,0,0,1,0,0,0,0,0,0,0,0,0,0,96,0,0,0,0,0,0,0,0
"0628 HY Gnrh1 Glut_1",1,0,0,0,0,0,0,0,0,0,0,0,0,0,0,0,0,0,0,0,0,0,0,0,0,0,1,0,0,0,0,0,0,0,0,0,0,0,0,0,0,0,0,0,0,1,0,0,0,0,0,0,0,0,0,0,0,0,0,0,0,0,0,0,0,0,0,1,0,0,0,0,0,0,0,0
"0629 MM-ant Foxb1 Glut_1",0,0,0,0,0,0,0,0,0,0,0,0,0,0,0,0,0,0,10,0,0,0,0,0,0,0,0,0,0,0,266,0,0,0,3,0,0,0,0,0,1,0,0,0,0,0,0,0,0,0,0,0,0,0,0,0,0,0,0,0,0,0,0,0,0,0,0,0,0,0,0,0,0,0,0,0
"0630 MM Foxb1 Glut_1",0,0,0,0,0,0,0,0,1,0,0,0,0,0,0,0,0,2,1,1,0,0,0,0,0,0,0,0,0,0,72,0,0,0,1,0,0,0,0,0,0,0,0,0,0,0,0,0,0,0,0,0,0,0,0,0,0,0,0,0,0,0,0,0,0,0,0,0,0,0,0,0,0,0,0,0
"0631 MM Foxb1 Glut_2",0,0,0,0,1,0,0,0,1,0,0,0,0,0,0,0,0,0,1,0,0,0,0,0,0,0,0,0,1,0,158,0,0,0,1,0,0,0,0,0,0,0,0,0,0,0,0,0,0,0,0,0,0,0,0,0,0,0,0,0,0,0,0,0,0,0,0,0,0,0,0,0,0,0,0,0
"0632 MH Tac2 Glut_1",0,0,0,0,0,0,0,0,0,0,0,0,0,0,0,0,0,0,0,0,0,0,0,0,0,0,0,0,0,0,0,0,0,0,0,0,0,0,0,0,0,0,0,0,0,0,0,0,0,0,0,0,64,0,0,0,0,0,0,0,0,0,0,0,0,0,0,0,0,0,0,0,0,0,0,0
"0633 MH Tac2 Glut_2",0,0,0,0,0,0,0,0,0,0,0,0,0,0,0,0,0,0,0,0,0,0,0,0,0,0,0,0,0,0,0,0,0,0,0,0,0,0,0,0,1,0,0,0,0,0,0,0,0,0,0,0,41,0,0,0,0,0,0,0,0,0,0,0,0,0,0,0,0,0,0,0,0,0,0,0
"0634 MH Tac2 Glut_3",0,0,0,0,0,0,0,0,0,0,0,0,0,0,0,0,0,0,0,0,0,0,0,0,0,0,0,0,0,0,0,0,0,0,0,0,0,0,0,0,0,0,0,0,0,0,0,0,0,0,0,0,66,0,0,0,0,0,0,0,0,0,0,0,0,0,0,0,0,0,0,0,0,0,0,0
"0635 MH Tac2 Glut_4",0,0,0,0,0,0,0,0,0,0,0,0,0,0,0,0,0,0,0,0,0,0,0,0,0,0,0,0,0,0,0,0,0,0,0,0,0,0,0,0,0,0,0,0,0,0,0,0,0,0,0,0,4,0,0,0,0,0,0,0,0,0,0,0,0,0,0,0,0,0,0,0,0,0,0,0
"0636 MH Tac2 Glut_5",0,0,0,0,0,0,0,0,0,0,0,0,0,0,0,0,0,0,1,0,0,0,0,0,0,0,0,0,0,0,0,0,0,0,0,0,0,0,0,0,0,0,0,0,0,0,0,0,0,0,0,0,5,0,0,0,0,0,0,0,0,0,0,0,0,0,0,0,0,0,0,0,0,0,0,0
"0637 LH Pou4f1 Sox1 Glut_1",7,0,0,2,1,0,0,0,0,0,0,0,4,0,0,0,0,1,2,0,0,0,1,2,0,0,1,0,0,0,0,0,0,0,3,0,0,0,0,0,1,0,0,0,0,0,0,0,0,0,0,0,52,0,0,0,0,0,0,0,0,0,0,0,0,0,0,3,0,0,0,0,0,0,0,0
"0638 LH Pou4f1 Sox1 Glut_2",3,0,0,0,0,0,2,0,0,0,0,0,4,0,0,0,0,0,1,0,0,0,0,4,0,0,1,1,0,0,0,0,0,0,1,0,0,0,0,0,0,0,0,0,0,0,0,0,0,0,0,0,68,0,0,0,0,0,0,0,0,0,0,0,0,0,0,1,0,0,0,0,0,0,0,0
"0639 LH Pou4f1 Sox1 Glut_3",0,0,0,0,0,0,0,0,0,0,0,0,0,0,0,0,0,1,0,0,0,0,0,0,0,0,0,0,0,0,0,0,0,0,0,0,0,0,0,0,0,0,0,0,0,0,0,0,0,0,0,0,46,0,0,0,0,0,0,0,0,0,0,0,0,0,0,0,0,0,0,0,0,0,0,0
"0640 LH Pou4f1 Sox1 Glut_4",2,0,0,0,0,0,1,0,0,0,0,0,0,0,0,0,0,2,1,0,0,0,0,1,0,0,0,0,0,0,0,0,0,0,0,0,1,0,0,0,0,0,0,0,0,0,0,0,0,0,0,0,50,0,0,0,0,1,0,0,0,0,0,0,0,0,0,5,0,0,0,0,0,0,0,0
"0641 AD Serpinb7 Glut_1",0,4,0,0,0,0,0,0,0,0,5,0,0,0,0,0,0,0,2,0,0,0,0,0,0,0,0,0,0,0,0,0,0,0,8,0,0,0,0,0,0,0,0,0,0,0,0,4,0,0,0,0,0,0,0,0,0,0,0,0,0,0,0,2,0,0,2,0,0,197,0,0,0,0,0,0
"0642 AV Col27a1 Glut_1",0,0,0,0,0,0,0,1,0,0,84,0,0,0,0,0,0,0,3,0,2,0,0,0,0,0,0,0,0,0,0,0,0,10,36,0,2,0,894,0,0,0,0,0,0,0,0,17,0,0,0,0,0,0,0,0,0,0,0,0,0,0,0,3,0,0,8,0,0,5,0,0,0,0,0,0
"0643 PVT-PT Ntrk1 Glut_1",1,67,0,0,0,0,0,0,1,0,7,0,0,0,0,0,0,0,3,1,0,0,0,0,0,0,1,0,0,41,1,1,0,0,12,0,0,0,0,0,1,0,0,0,0,0,1,3,0,0,0,0,0,0,8,0,0,0,0,0,0,0,0,0,0,0,2,0,0,0,0,0,0,0,0,0
"0644 PVT-PT Ntrk1 Glut_2",0,494,0,0,0,0,0,0,0,0,44,0,0,0,0,0,0,0,1,0,0,0,0,0,1,0,0,0,0,64,0,0,0,0,5,0,0,0,0,0,0,0,0,0,0,0,0,5,0,0,0,0,0,0,1,0,0,0,0,0,0,0,0,5,0,0,0,0,0,0,0,0,0,0,0,0
"0645 PVT-PT Ntrk1 Glut_3",0,20,0,0,0,0,0,0,0,0,35,0,0,0,0,0,0,0,1,0,0,0,0,0,0,0,0,0,0,383,0,0,0,0,7,0,0,0,0,0,0,0,0,0,0,0,0,6,0,0,0,0,0,0,0,0,0,0,0,0,0,0,0,0,0,0,0,0,0,0,0,0,0,0,0,0
"0646 PVT-PT Ntrk1 Glut_4",0,444,0,0,0,0,0,0,0,0,58,0,0,0,0,0,15,0,4,0,0,0,0,0,2,0,0,0,0,23,0,0,0,2,50,0,0,0,0,0,0,0,0,0,0,0,0,15,0,0,0,0,0,0,1,0,0,0,0,0,0,0,0,5,0,0,2,0,0,0,0,0,0,0,0,0
"0647 PVT-PT Ntrk1 Glut_5",0,153,0,0,0,0,0,0,0,0,13,0,0,0,0,0,0,0,0,0,0,0,0,0,0,0,0,0,0,133,0,0,0,0,14,0,0,0,0,0,0,0,0,0,0,0,0,5,0,0,0,0,0,0,1,0,0,0,0,0,0,0,0,3,0,0,1,0,0,0,0,0,0,0,0,0
"0648 PVT-PT Ntrk1 Glut_6",0,2,0,0,0,0,0,0,0,0,5,0,0,0,0,1,4,0,0,0,0,0,0,0,0,0,0,0,0,13,0,0,0,0,2,0,0,0,0,0,0,0,0,0,0,0,0,2,0,0,0,0,0,0,100,0,0,0,0,0,0,0,0,0,0,0,0,0,0,0,0,0,0,0,0,0
"0649 CM-IAD-CL-PCN Sema5b Glut_1",0,874,0,0,0,0,0,0,0,0,99,0,0,0,0,0,0,0,3,0,9,0,1,0,220,0,0,0,0,0,0,0,0,0,19,0,0,0,0,0,0,0,0,0,0,0,0,13,0,0,0,0,0,0,0,0,0,0,0,0,0,0,0,14,0,0,3,0,0,0,0,0,0,0,1,0
"0650 CM-IAD-CL-PCN Sema5b Glut_2",0,854,0,0,0,0,0,0,0,0,73,0,0,0,0,0,0,0,6,0,0,0,0,0,0,0,0,0,0,0,0,0,0,0,30,0,2,0,0,0,0,0,0,0,0,0,0,13,0,0,0,0,0,0,0,0,0,0,0,0,0,0,0,2,0,0,10,0,0,0,0,0,0,0,0,0
"0651 CM-IAD-CL-PCN Sema5b Glut_3",0,428,0,0,0,0,0,0,0,0,42,0,0,0,0,0,1,0,0,0,1,0,0,0,34,0,0,0,0,3,0,0,0,0,29,0,1,0,0,0,0,0,0,0,0,0,0,12,0,0,0,0,0,0,2,0,0,0,0,0,0,0,0,5,0,0,4,0,0,0,0,0,0,0,0,0
"0652 CM-IAD-CL-PCN Sema5b Glut_4",0,739,0,0,0,0,0,0,0,0,99,0,0,0,0,0,0,0,4,0,1,0,0,0,1,0,0,0,0,0,0,0,0,162,43,0,4,0,1,0,0,0,0,0,0,0,0,25,0,0,0,0,0,0,0,0,0,0,0,0,0,0,0,3,0,0,11,0,0,0,0,0,0,0,0,0
"0653 CM-IAD-CL-PCN Sema5b Glut_5",0,306,0,0,0,0,0,0,0,0,26,0,0,0,0,0,1,0,1,0,1,0,0,0,0,0,0,0,0,0,0,0,0,2,10,0,0,0,0,0,0,0,0,0,0,0,0,3,0,0,0,0,0,0,0,0,0,0,0,0,0,0,0,2,0,0,1,0,0,0,0,0,0,0,0,0
"0654 TH Prkcd Grin2c Glut_1",0,0,0,0,0,0,0,0,0,117,255,0,0,0,0,0,0,0,0,0,10,0,0,0,4,0,0,0,0,0,0,0,0,0,27,0,2,0,0,0,0,0,0,0,0,0,0,39,0,0,0,0,0,0,0,0,0,0,0,0,0,0,0,39,0,0,11,0,0,0,0,0,0,0,2151,0
"0655 TH Prkcd Grin2c Glut_2",0,0,0,0,0,0,0,0,0,131,213,0,1,0,0,0,0,0,0,0,4,0,0,0,47,0,0,0,0,0,0,0,0,1,173,0,2,0,1,0,0,0,0,0,0,0,0,58,0,0,0,0,0,0,0,0,0,0,0,0,0,0,0,17,0,0,36,0,1,0,0,0,0,0,984,0
"0656 TH Prkcd Grin2c Glut_3",0,0,0,0,0,0,0,0,0,187,54,0,0,0,0,0,1,0,0,0,2,0,0,0,11,0,0,0,0,0,0,0,0,0,58,0,1,0,0,0,0,0,0,0,0,0,0,16,0,0,0,0,0,0,0,0,0,0,0,0,0,0,0,8,0,0,8,0,2,0,0,0,0,0,255,0
"0657 TH Prkcd Grin2c Glut_4",0,1,0,0,0,0,0,0,0,185,28,0,0,0,0,0,12,0,0,0,6,0,0,0,6,0,0,0,0,0,0,0,0,0,25,0,1,0,0,0,0,0,0,0,0,0,0,5,0,0,0,0,0,0,4,0,0,0,0,0,0,0,0,7,0,0,2,0,1,0,0,0,0,0,61,0
"0658 TH Prkcd Grin2c Glut_5",1,10,0,0,0,0,0,0,0,121,103,0,0,0,0,0,9,0,0,0,179,0,0,0,81,0,0,0,0,0,0,0,0,7,114,0,3,0,4,0,0,0,0,0,0,0,0,29,0,0,0,0,0,0,4,0,0,0,0,0,0,0,0,18,0,0,11,0,182,0,0,0,0,0,115,0
"0659 TH Prkcd Grin2c Glut_6",1,5,0,0,0,0,0,0,0,940,187,0,0,0,0,0,54,0,1,0,16,0,1,0,137,0,0,0,2,0,0,0,0,4,267,1,6,0,0,0,0,0,0,0,0,0,0,26,0,0,0,0,0,0,12,0,0,0,0,0,0,0,0,32,0,0,15,0,4,0,0,0,0,0,37,0
"0660 TH Prkcd Grin2c Glut_7",0,5,0,0,0,0,0,0,0,23,2,0,0,0,0,0,8,0,0,0,1,0,0,0,7,0,0,0,0,0,0,0,0,0,4,0,0,0,0,0,0,0,0,0,0,0,0,1,0,0,0,0,0,0,1,0,0,0,0,0,0,0,0,0,0,0,1,0,0,0,0,0,0,0,0,0
"0661 TH Prkcd Grin2c Glut_8",0,323,0,0,0,0,0,0,0,8,63,0,0,0,0,0,14,0,1,0,118,0,0,0,44,0,0,0,0,0,0,0,0,63,72,0,2,0,0,0,0,0,0,0,0,0,0,11,0,0,0,0,0,0,6,0,0,0,0,0,0,0,0,9,0,0,9,0,0,0,0,0,0,0,2,0
"0662 TH Prkcd Grin2c Glut_9",0,3,0,0,0,0,0,0,0,2,119,0,0,0,0,0,8,0,2,0,40,0,0,0,4,0,0,0,0,0,0,0,0,982,42,0,0,0,30,0,0,0,0,0,0,0,0,23,0,0,0,0,0,0,0,0,0,0,0,0,0,0,0,11,0,0,12,0,4,1,0,0,0,0,0,0
"0663 TH Prkcd Grin2c Glut_10",0,9,0,0,0,0,0,0,0,10,73,0,0,0,0,0,5,0,0,0,8,0,0,0,485,0,0,0,0,0,0,0,0,0,9,0,0,0,0,0,0,0,0,0,0,0,0,8,0,0,0,0,0,0,132,0,0,0,0,0,0,0,0,9,0,0,3,0,1,0,0,0,0,0,4,0
"0664 TH Prkcd Grin2c Glut_11",0,1,0,0,0,0,0,0,0,505,161,0,0,0,0,0,111,0,0,0,72,0,0,0,201,0,0,0,0,0,0,0,0,4,203,0,0,0,0,0,0,0,0,0,0,0,0,16,0,0,0,0,0,0,4,0,0,0,0,0,0,0,0,23,0,0,17,0,5,0,0,0,0,0,10,0
"0665 TH Prkcd Grin2c Glut_12",0,56,0,0,0,0,0,0,0,0,37,0,0,0,0,0,0,0,0,0,1,0,0,0,380,0,0,0,0,0,0,0,0,0,2,0,1,0,0,0,0,0,0,0,0,0,0,3,0,0,0,0,0,0,0,0,0,0,0,0,0,0,0,5,0,0,4,0,0,0,0,0,0,0,0,0
"0666 TH Prkcd Grin2c Glut_13",0,102,0,0,0,0,0,0,0,5,169,0,0,0,0,0,9,0,2,0,1350,0,0,0,15,0,0,0,0,0,0,0,0,8,28,0,2,0,0,0,0,0,0,0,0,0,0,30,0,0,0,0,0,0,0,0,0,0,0,0,0,0,0,20,0,0,11,0,1,0,0,0,0,0,41,0
"0667 TH Prkcd Grin2c Glut_14",0,125,0,0,0,0,0,0,0,184,30,0,0,0,0,0,3,0,0,0,23,0,0,0,9,0,0,0,0,0,0,0,0,4,4,0,0,0,0,0,0,0,0,0,0,0,0,2,0,0,0,0,0,0,1,0,0,0,0,0,0,0,0,2,0,0,2,0,0,0,0,0,0,0,3,0
"0668 RE-Xi Nox4 Glut_1",2,57,0,0,0,0,0,0,0,0,68,0,0,0,1,0,385,1,7,0,0,0,2,0,23,0,1,1,1,12,0,0,0,2,210,1,2,0,0,0,1,0,1,0,0,0,0,26,0,0,0,1,0,0,95,0,0,0,0,0,0,1,0,12,0,1,11,1,2,1,0,0,0,0,0,1
"0669 RE-Xi Nox4 Glut_2",0,8,0,1,0,0,0,0,0,21,81,0,0,0,0,0,599,1,3,0,85,0,1,0,6,0,0,0,0,0,0,0,0,29,35,0,1,0,1,0,0,0,0,0,0,0,0,14,0,0,0,0,0,0,1,0,0,0,0,0,0,0,0,4,0,0,5,0,2,0,0,0,0,0,0,0
"0670 RE-Xi Nox4 Glut_3",3,12,0,0,0,0,0,0,0,6,89,0,2,0,0,0,763,5,11,0,2,0,1,0,5,0,0,1,0,17,0,0,0,4,201,2,2,0,0,0,1,0,0,0,0,2,0,21,0,0,0,0,0,0,12,0,0,0,0,0,1,0,0,4,0,0,8,0,7,0,0,0,0,0,1,0
"0671 RE-Xi Nox4 Glut_4",2,0,0,0,1,1,1,0,0,0,2,0,0,0,0,0,32,0,2,0,0,0,0,0,0,0,0,0,4,12,0,0,0,0,74,0,0,0,0,0,0,0,0,0,0,0,0,4,0,0,0,1,0,0,0,0,0,0,1,1,0,0,0,2,0,0,1,1,0,0,0,0,0,0,0,0
"0672 MG-POL-SGN Nts Glut_1",0,0,0,0,0,0,0,0,0,1,1,0,0,0,0,0,2,0,0,0,1,0,0,0,0,0,0,0,0,0,0,0,0,0,14,0,0,0,0,0,0,0,0,0,0,0,0,0,0,0,0,0,0,0,0,0,0,0,0,0,0,0,0,0,0,0,0,0,0,0,0,0,0,0,0,0
"0673 MG-POL-SGN Nts Glut_2",1,1,0,0,0,0,0,0,0,0,0,0,0,0,0,0,2,0,0,0,0,0,0,0,0,0,0,0,0,3,0,0,0,0,10,0,0,0,0,0,0,0,0,0,0,1,0,1,0,0,0,0,0,0,1,0,0,0,0,0,0,0,0,0,0,0,0,0,0,0,0,0,0,0,0,0
"0674 PF Fzd5 Glut_1",1,2,0,0,0,0,0,0,0,0,1,0,0,0,0,0,6,1,13,1,0,0,1,0,0,0,0,0,806,9,0,0,0,0,35,1,2,1,0,0,1,0,0,0,0,0,0,0,0,0,0,0,0,0,1,0,1,0,0,0,0,139,0,0,0,0,4,0,0,0,0,0,0,0,0,0
"0675 PF Fzd5 Glut_2",0,0,0,0,0,0,0,0,0,0,2,0,0,0,0,0,1,0,11,0,0,0,0,1,0,0,0,0,635,0,0,0,0,0,44,0,3,0,0,0,0,0,0,0,1,0,0,6,0,0,0,0,0,0,0,0,0,0,0,0,0,83,0,0,0,0,2,0,3,0,0,0,0,0,2,0
"0676 PRC-PAG Pax6 Glut_1",9,0,2,3,0,0,3,0,0,0,0,1,7,1,0,0,0,5,2,0,0,0,0,1,0,1,1,0,0,1,1,2,0,0,2,0,0,1,0,0,1,0,0,0,0,2,0,0,0,0,0,0,0,0,0,0,0,0,0,0,1,0,0,0,0,0,0,21,0,0,0,0,0,0,0,0
"0677 PRC-PAG Pax6 Glut_2",6,0,0,25,0,0,3,0,0,0,0,0,0,1,0,0,0,0,3,0,0,0,0,3,0,1,0,0,0,0,2,0,0,0,0,0,0,0,0,0,0,0,0,0,0,0,0,0,0,0,0,0,1,0,0,0,0,0,0,0,0,0,0,0,0,0,0,2,0,0,0,0,0,0,0,0
"0678 PRC-PAG Pax6 Glut_3",4,0,1,13,2,0,4,0,1,0,0,0,4,2,0,0,0,2,1,1,0,1,0,2,0,1,2,0,0,0,2,2,0,0,0,0,0,0,0,0,1,0,0,0,0,1,0,0,0,0,0,1,0,0,0,0,1,0,0,0,0,0,0,0,0,0,0,4,0,0,0,0,0,0,0,0
"0679 PRC-PAG Pax6 Glut_4",35,0,3,39,7,0,10,0,2,0,1,1,14,7,0,1,1,16,9,1,0,2,0,3,0,0,5,0,0,0,5,1,0,0,22,0,2,1,0,2,7,3,0,0,0,2,0,3,0,0,0,0,1,1,0,0,1,0,0,2,2,0,0,0,0,0,0,3,0,0,0,0,0,0,0,0
"0681 MB-ant-ve Dmrta2 Glut_1",14,0,1,1,0,0,6,0,1,0,0,0,13,0,0,0,0,2,0,1,0,0,0,2,0,0,22,0,0,1,1,0,0,0,1,0,0,1,0,0,2,0,0,1,0,0,0,0,1,0,0,0,0,0,0,0,0,0,0,0,0,0,0,0,1,0,0,54,0,0,0,0,0,0,0,0
"0682 RN Spp1 Glut_1",6,0,0,0,0,0,5,0,5,0,0,0,18,0,0,1,1,8,2,1,0,0,0,0,0,0,1,0,0,0,5,0,0,0,22,0,0,0,0,0,1,0,0,1,0,0,0,2,0,0,0,1,2,0,0,0,0,0,0,0,0,0,0,0,0,0,0,10,0,0,0,0,0,0,0,0
"0683 MRN-PAG Nkx6-1 Glut_1",4,0,0,2,0,0,1,0,0,0,0,0,1,0,0,0,0,0,0,0,0,1,0,0,0,0,3,0,0,0,0,0,0,0,1,0,0,0,0,0,0,0,0,0,0,0,0,0,0,0,0,0,0,0,0,0,0,0,0,1,0,0,0,0,0,0,0,3,0,0,0,0,0,0,0,0
"0684 MRN-PAG Nkx6-1 Glut_2",1,0,0,0,0,0,0,0,0,0,0,0,0,0,0,0,0,0,0,0,0,0,0,0,0,0,0,0,0,0,0,0,0,0,2,0,0,0,0,0,0,0,1,0,0,0,0,0,0,0,0,0,0,0,0,0,0,0,0,0,0,0,0,0,0,1,0,1,0,0,0,0,0,0,0,0
"0685 IF-RL-CLI-PAG Foxa1 Glut_1",6,0,0,0,0,0,0,0,0,0,0,0,0,0,0,0,0,0,0,0,0,0,0,0,0,0,10,0,0,0,0,0,0,0,0,0,0,0,0,0,0,0,0,0,0,0,0,0,0,0,0,0,0,0,0,0,0,0,0,0,0,0,0,0,0,0,0,16,0,0,0,0,0,0,0,0
"0686 IF-RL-CLI-PAG Foxa1 Glut_2",11,0,0,5,0,0,0,0,0,0,0,0,0,0,0,0,0,9,7,0,0,0,0,1,0,0,2,0,0,0,0,0,0,0,4,0,0,0,0,0,4,0,0,0,0,1,0,0,0,0,0,0,0,0,0,0,0,0,0,0,0,0,0,0,0,0,0,21,0,0,0,0,0,0,0,0
"0687 IF-RL-CLI-PAG Foxa1 Glut_3",7,0,0,0,0,0,0,0,0,0,0,0,0,0,0,0,0,0,0,0,0,0,0,2,0,1,3,1,0,0,0,0,0,0,0,0,0,0,0,0,1,0,0,0,1,0,0,0,0,0,0,0,0,0,0,0,0,0,0,0,0,0,0,0,0,0,0,17,0,0,0,0,0,0,0,0
"0688 IF-RL-CLI-PAG Foxa1 Glut_4",2,0,0,0,0,0,0,0,0,0,0,0,0,0,0,0,0,0,0,0,0,0,0,0,0,0,0,0,0,0,0,0,0,0,0,0,0,0,0,0,0,0,0,0,0,0,0,0,0,0,0,0,0,0,0,0,0,0,0,0,0,0,0,0,0,0,0,1,0,0,0,0,0,0,0,0
"0689 IF-RL-CLI-PAG Foxa1 Glut_5",2,0,0,1,0,0,0,0,0,0,0,0,0,0,0,0,0,0,0,0,0,0,0,0,0,0,0,0,0,0,0,0,0,0,0,0,0,0,0,0,0,0,0,0,0,0,0,0,0,0,0,0,0,0,0,0,0,0,0,0,0,0,0,0,0,0,0,24,0,0,0,0,0,0,0,0
"0690 PAG-SC Neurod2 Meis2 Glut_1",1,0,0,0,0,0,0,0,1,0,0,0,0,1,0,0,0,0,1,0,0,0,0,0,0,0,0,0,0,0,0,0,0,0,1,0,1,0,0,0,0,0,0,0,0,0,0,0,0,0,0,0,0,0,0,0,0,0,0,0,0,0,0,0,0,0,0,1,0,0,0,0,0,0,0,0
"0691 PAG-SC Neurod2 Meis2 Glut_2",11,0,0,4,0,0,0,0,1,0,0,0,0,0,0,0,0,7,1,0,0,0,0,4,0,0,0,0,0,0,0,0,0,0,7,0,0,0,0,0,4,0,0,0,0,0,0,0,0,0,0,0,0,0,0,0,0,0,0,0,0,0,0,0,0,0,0,7,0,0,0,0,0,0,0,0
"0692 PAG-SC Neurod2 Meis2 Glut_3",2,0,0,0,0,0,0,0,0,0,0,0,0,0,0,0,0,0,0,0,0,0,0,0,0,1,0,0,0,0,0,0,0,0,0,0,0,0,0,0,1,0,0,0,0,2,0,0,0,0,0,0,0,0,0,0,0,0,0,0,0,0,0,0,0,0,0,1,0,0,0,0,0,0,0,0
"0693 PAG-SC Neurod2 Meis2 Glut_4",3,0,0,0,0,0,0,0,0,0,0,0,1,0,0,0,0,0,0,0,0,0,0,0,0,0,0,0,0,0,0,0,0,0,0,0,0,0,0,0,0,0,0,0,0,0,0,0,0,0,0,0,0,0,0,0,0,0,0,0,0,0,0,0,0,0,0,0,0,0,0,0,0,0,0,0
"0694 PAG Pou4f3 Glut_1",3,0,2,0,0,0,1,0,6,0,0,0,1,0,0,0,0,3,0,0,0,0,2,0,0,0,0,0,0,0,0,0,0,0,4,0,0,0,0,0,1,0,0,0,0,0,0,0,0,0,0,0,0,0,0,0,0,0,0,0,0,0,0,0,0,0,0,1,0,0,0,0,0,0,0,0
"0698 CUN Evx2 Lhx2 Glut_2",3,1,1,6,0,0,3,0,0,0,0,0,2,1,0,0,0,2,1,0,0,0,0,1,0,0,1,0,0,0,0,1,1,0,1,0,0,0,0,0,1,1,0,0,0,2,0,0,0,0,0,0,0,0,0,0,0,0,0,0,0,0,0,0,0,0,0,2,0,0,0,0,0,0,0,0
"0700 CUN Evx2 Lhx2 Glut_4",0,0,0,0,0,0,0,0,0,0,0,0,0,0,0,0,0,0,1,0,0,0,0,0,0,0,0,0,0,0,1,0,0,0,0,0,0,0,0,0,0,0,0,0,0,0,0,0,0,0,0,0,0,0,0,0,0,0,0,0,0,0,0,0,0,0,0,1,0,0,0,0,0,0,0,0
"0701 CUN Evx2 Lhx2 Glut_5",0,0,0,1,0,0,0,0,0,0,0,0,0,0,0,0,0,0,0,0,0,0,0,0,0,0,0,0,0,0,0,0,0,0,0,0,0,0,0,0,0,0,0,0,0,0,0,0,0,1,0,0,0,0,0,0,0,0,0,0,0,0,0,0,0,0,0,0,0,0,0,0,0,0,0,0
"0702 APN C1ql2 Glut_1",12,0,3,2,1,0,0,0,0,0,0,0,1,0,0,0,0,2,4,0,0,0,0,2,0,0,2,0,3,1,1,0,0,1,15,0,0,0,0,0,0,0,0,0,0,0,0,2,0,0,0,0,0,0,0,0,0,0,0,0,0,1,0,0,0,0,1,93,0,1,0,0,0,0,0,0
"0703 APN C1ql4 Glut_1",9,0,2,4,1,0,2,0,1,0,0,0,27,1,0,0,0,3,3,0,0,0,0,5,0,2,1,0,2,0,1,0,0,1,2,0,0,0,0,0,0,0,1,0,0,0,0,0,0,0,0,0,3,0,0,0,0,0,0,1,0,0,0,0,0,0,0,103,0,0,0,0,0,0,0,0
"0707 PAG-MRN Pou3f1 Glut_4",0,0,0,2,0,0,0,0,0,0,0,0,0,0,0,0,0,0,0,0,0,0,0,0,0,0,0,0,0,0,0,0,0,0,0,0,0,0,0,0,0,0,0,0,0,0,0,0,0,0,0,0,0,0,0,0,0,0,0,0,0,0,0,0,0,0,0,0,0,0,0,0,0,0,0,0
"0708 PAG-MRN Pou3f1 Glut_5",0,0,0,0,0,0,0,0,0,0,0,0,0,0,0,0,0,0,0,0,0,0,0,0,0,0,2,0,0,0,0,0,0,0,0,0,0,0,0,0,0,0,0,0,0,0,0,0,0,0,0,0,0,0,0,0,0,0,0,0,0,0,0,0,0,0,0,1,0,0,0,0,0,0,0,0
"0709 PAG-MRN Pou3f1 Glut_6",0,0,0,0,0,0,1,0,0,0,0,0,0,0,0,0,0,0,0,0,0,0,0,0,0,0,1,0,0,0,0,0,0,0,0,0,0,0,0,0,0,0,0,0,0,1,0,0,0,0,0,0,0,0,0,0,0,0,0,0,0,0,0,0,0,0,0,1,0,0,0,0,0,0,0,0
"0710 MRN Pou3f1 C1ql4 Glut_1",3,0,0,0,0,0,1,0,1,0,0,0,4,0,0,0,0,1,0,0,0,0,0,1,0,0,0,0,0,1,0,0,0,0,0,0,0,0,0,0,0,0,0,0,0,0,0,0,0,0,0,0,0,0,0,0,0,0,0,0,0,0,0,0,0,0,0,10,0,0,0,0,0,0,0,0
"0711 MRN Pou3f1 C1ql4 Glut_2",5,0,3,19,0,0,2,0,0,0,0,0,8,1,0,0,0,4,3,0,0,0,0,0,0,0,2,0,0,0,0,0,0,0,6,0,0,0,0,0,0,0,0,1,0,1,0,0,0,0,0,0,11,0,0,0,0,0,0,0,0,0,0,0,0,0,0,16,0,0,0,0,0,0,0,0
"0712 MRN Pou3f1 C1ql4 Glut_3",0,0,0,0,0,0,1,0,0,0,0,0,0,0,0,0,0,0,0,0,0,0,0,0,0,0,0,0,0,0,0,0,0,0,0,0,0,0,0,0,0,0,0,0,0,0,0,0,0,0,0,0,0,0,0,0,0,0,0,0,0,0,0,0,0,0,0,0,0,0,0,0,0,0,0,0
"0713 PRC-PAG Tcf7l2 Irx2 Glut_1",11,1,1,12,1,0,7,0,1,0,0,0,0,0,0,1,0,4,0,0,0,3,0,11,0,3,2,0,0,1,1,0,1,0,9,0,0,0,0,0,1,0,0,0,0,1,0,1,0,0,0,0,2,0,0,0,1,0,0,0,0,0,0,0,0,0,0,96,0,0,0,0,0,0,0,0
"0714 PRC-PAG Tcf7l2 Irx2 Glut_2",7,0,1,51,0,0,11,0,0,0,0,0,7,0,0,0,0,1,0,0,0,0,0,12,0,0,1,0,0,3,0,0,0,0,0,0,0,1,0,0,0,1,0,0,0,0,0,0,0,0,0,0,4,0,0,1,0,0,0,0,0,0,0,0,0,0,0,27,0,0,0,0,0,0,0,0
"0715 PRC-PAG Tcf7l2 Irx2 Glut_3",0,0,0,0,0,0,0,0,0,0,0,0,4,0,0,0,0,0,0,0,0,0,0,0,0,0,1,0,0,0,0,0,0,0,0,0,0,0,0,0,0,0,0,0,0,0,0,0,0,0,0,0,0,0,0,0,0,0,0,0,0,0,0,0,0,0,0,2,0,0,0,0,0,0,0,0
"0717 PRC-PAG Tcf7l2 Irx2 Glut_5",79,0,18,35,4,0,19,0,13,0,3,0,23,3,1,0,3,33,33,1,0,2,1,15,0,8,23,2,5,3,9,1,1,0,126,1,1,1,0,0,8,0,7,0,1,2,1,8,0,0,0,0,7,0,0,0,1,2,0,0,2,8,0,0,0,0,2,129,0,1,0,0,0,0,0,0
"0718 SPA-SPFm-SPFp-POL-PIL-PoT Sp9 Glut_1",25,0,1,6,1,0,4,0,6,0,1,0,3,0,0,1,0,11,5,0,0,3,9,9,0,8,4,2,0,1,1,0,0,0,35,5,3,6,0,0,7,1,1,0,0,0,0,2,0,1,0,0,2,0,0,0,0,0,0,0,2,1,0,0,0,0,2,125,0,0,0,0,0,0,0,0
"0719 SPA-SPFm-SPFp-POL-PIL-PoT Sp9 Glut_2",3,0,0,3,0,0,1,0,0,0,0,1,2,0,0,0,0,1,1,0,0,0,0,1,0,0,3,0,0,4,0,0,0,0,1,0,0,0,0,0,0,0,0,0,0,0,0,0,0,0,0,0,1,0,0,0,0,0,0,0,0,0,0,0,0,0,0,4,0,0,0,0,0,0,0,0
"0720 SPA-SPFm-SPFp-POL-PIL-PoT Sp9 Glut_3",28,10,2,3,2,0,1,0,1,0,7,0,2,0,1,0,22,6,3,0,0,0,0,7,0,1,7,0,12,259,0,0,1,0,12,0,0,1,1,0,6,1,2,0,0,2,0,3,0,0,0,0,0,0,0,0,0,0,0,0,0,5,0,1,0,0,4,3,0,0,0,0,0,0,0,0
"0721 SPA-SPFm-SPFp-POL-PIL-PoT Sp9 Glut_4",2,1,0,0,0,0,0,0,0,0,5,0,0,0,1,0,2,2,3,0,1,0,0,2,0,0,0,0,17,40,0,0,0,0,20,0,0,0,0,0,0,0,0,0,0,0,0,0,0,0,0,0,0,0,1,0,0,0,0,0,0,0,0,0,0,0,0,0,0,1,0,0,0,0,0,0
"0722 SPA-SPFm-SPFp-POL-PIL-PoT Sp9 Glut_5",27,0,0,2,1,0,3,0,0,0,1,0,8,0,1,0,0,1,8,0,0,0,0,8,0,2,2,0,0,110,0,0,0,0,2,0,0,0,0,0,1,1,0,0,0,1,0,0,0,0,0,0,1,0,0,0,0,0,0,0,0,0,0,0,0,0,0,3,0,0,0,0,0,0,0,0
"0723 SPA-SPFm-SPFp-POL-PIL-PoT Sp9 Glut_6",19,2,0,4,1,0,3,0,0,0,2,0,1,0,0,0,0,4,7,0,0,7,1,6,0,1,1,0,1,15,1,0,3,0,13,0,0,2,0,0,2,1,0,0,0,2,0,0,0,0,0,0,1,0,0,0,1,0,0,0,0,0,0,0,0,0,1,73,0,0,1,0,0,0,0,0
"0724 SPA-SPFm-SPFp-POL-PIL-PoT Sp9 Glut_7",24,4,3,7,4,0,2,0,1,0,9,0,3,1,0,1,34,16,13,0,0,0,1,3,2,5,6,1,7,102,0,1,0,0,162,0,3,2,0,0,2,3,0,0,0,2,0,12,0,0,0,0,1,0,0,0,1,0,1,0,2,8,0,3,0,0,2,0,0,0,0,0,0,0,0,0
"0725 SPA-SPFm-SPFp-POL-PIL-PoT Sp9 Glut_8",15,1,1,6,0,0,2,0,0,0,6,3,0,0,0,0,3,5,6,0,0,0,0,3,0,6,0,1,0,11,2,1,1,0,14,0,0,2,0,0,4,2,3,0,0,3,0,0,0,0,0,0,0,0,0,1,1,0,0,0,1,0,0,1,0,0,2,3,0,0,0,0,0,0,0,0
"0726 SPA-SPFm-SPFp-POL-PIL-PoT Sp9 Glut_9",11,0,1,28,4,0,1,0,1,0,0,0,0,0,0,0,0,0,3,0,0,1,0,1,0,0,0,0,0,2,0,0,0,0,3,1,0,0,0,0,0,0,0,0,0,0,0,0,0,0,0,0,0,0,0,0,0,0,0,0,0,0,0,0,0,0,0,56,0,1,0,0,0,0,0,0
"0727 SPA-SPFm-SPFp-POL-PIL-PoT Sp9 Glut_10",1,0,0,0,0,0,0,0,0,0,0,0,0,0,0,0,0,0,0,0,0,0,0,0,0,0,0,0,0,7,1,0,0,0,0,0,0,0,0,0,0,0,0,0,0,1,0,0,0,0,0,0,0,0,0,0,0,0,0,0,0,0,0,0,0,0,0,0,0,0,0,0,0,0,0,0
"0728 SPA-SPFm-SPFp-POL-PIL-PoT Sp9 Glut_11",0,0,0,2,0,0,1,0,0,0,0,0,0,0,0,0,0,0,0,0,0,0,0,3,0,0,0,0,0,0,0,0,0,0,0,0,0,0,0,0,0,0,0,0,0,2,0,0,0,0,0,0,0,0,0,0,0,0,0,0,0,0,0,0,1,0,0,1,0,0,0,0,0,0,0,0
"0729 SPA-SPFm-SPFp-POL-PIL-PoT Sp9 Glut_12",23,0,0,1,1,0,2,0,2,0,0,0,19,0,0,0,1,5,5,0,0,1,0,7,0,0,5,0,0,0,4,0,1,0,2,0,0,1,0,0,0,0,0,0,0,1,0,0,0,0,0,0,0,0,0,0,0,0,0,0,1,0,0,0,0,0,0,91,0,0,1,0,0,0,0,0
"0730 PAG-SC Pou4f1 Zic1 Glut_1",4,0,4,5,2,0,6,0,1,0,0,0,3,0,0,0,0,2,1,0,0,0,0,3,0,1,2,0,0,0,1,0,0,0,3,0,0,0,0,0,1,0,0,0,0,1,0,0,0,0,0,0,0,0,0,0,0,0,0,0,0,0,0,1,0,0,0,3,0,0,0,0,0,0,0,0
"0731 PAG-SC Pou4f1 Zic1 Glut_2",5,1,5,3,4,0,6,0,3,0,0,2,10,4,0,0,1,0,0,0,0,0,0,5,0,3,0,1,0,0,1,1,0,0,15,0,0,3,0,1,2,0,0,0,0,0,0,0,0,0,0,0,1,0,0,0,0,0,0,0,0,0,0,0,0,1,0,3,0,0,0,0,0,0,0,0
"0732 PAG-SC Pou4f1 Zic1 Glut_3",0,0,0,0,1,0,0,0,0,0,0,0,0,0,0,0,0,0,1,0,0,0,0,0,0,1,0,0,0,0,0,0,0,0,0,0,0,0,0,0,0,0,0,0,0,1,0,0,0,0,0,0,0,0,0,0,0,0,0,0,0,0,0,0,0,0,0,1,0,0,0,0,0,0,0,0
"0733 PAG-MRN Tfap2b Glut_1",6,0,0,4,2,0,0,0,0,0,0,0,0,0,0,0,0,0,2,0,0,0,0,3,0,0,1,0,0,0,0,1,0,0,0,0,0,0,0,0,0,0,0,0,0,3,0,0,0,0,0,0,0,0,0,0,0,0,0,0,1,0,0,0,0,0,0,3,0,0,0,0,0,0,0,0
"0734 PAG-MRN Tfap2b Glut_2",1,0,0,2,3,0,0,0,0,0,0,0,0,0,0,0,0,1,0,0,0,0,0,0,0,0,0,1,0,1,0,0,0,0,0,0,0,0,0,0,0,0,0,0,0,0,0,0,0,0,0,0,0,0,0,0,0,0,0,0,1,0,0,0,0,0,0,0,0,0,0,0,0,0,0,0
"0735 PAG Pou4f1 Bnc2 Glut_1",0,0,0,3,1,0,3,0,0,0,0,0,0,0,0,0,0,0,0,0,0,0,0,0,0,0,1,0,0,0,0,0,0,0,0,0,0,0,0,0,0,0,0,0,0,0,0,0,0,0,0,0,0,0,0,0,0,0,0,0,0,0,0,0,0,0,0,2,0,0,0,0,0,0,0,0
"0736 PAG Pou4f1 Bnc2 Glut_2",0,0,0,1,0,0,0,0,0,0,0,0,0,0,0,0,0,0,0,0,0,0,0,0,0,0,0,0,0,0,0,0,0,0,0,0,0,0,0,0,0,0,0,0,0,0,0,0,0,0,0,0,0,0,0,0,1,0,0,0,0,0,0,0,0,0,0,1,0,0,0,0,0,0,0,0
"0738 PAG Pou4f1 Ebf2 Glut_2",8,0,1,12,0,0,3,0,1,0,0,1,0,0,0,0,0,3,0,0,0,0,0,2,0,0,0,0,0,0,1,0,0,0,3,0,0,2,0,0,0,0,0,0,0,3,0,0,0,0,0,0,1,0,0,2,1,0,0,0,0,0,0,0,0,0,0,3,0,0,0,0,0,0,1,0
"0739 PAG Pou4f1 Ebf2 Glut_3",1,0,0,1,0,0,0,0,0,0,0,0,0,0,0,0,0,2,0,0,0,0,0,0,0,2,0,0,0,0,0,1,0,0,0,0,0,0,0,0,0,0,0,0,0,1,0,0,0,0,0,0,0,0,0,0,0,0,0,0,0,0,0,0,0,0,0,0,0,0,0,0,0,0,0,0
"0740 PAG Pou4f1 Ebf2 Glut_4",0,0,1,1,0,0,0,0,0,0,0,0,0,0,0,0,0,0,0,0,0,0,0,0,0,0,0,0,0,0,1,0,0,0,0,0,0,0,0,0,0,0,0,0,0,0,0,0,0,0,0,0,0,0,0,0,0,0,0,0,0,0,0,0,0,0,0,0,0,0,0,0,0,0,0,0
"0741 PAG Pou4f1 Ebf2 Glut_5",0,0,0,0,1,0,0,0,0,0,0,0,0,0,0,0,0,0,0,0,0,0,0,0,0,0,0,0,0,0,0,0,0,0,0,0,0,0,0,0,0,0,0,0,0,0,0,0,0,0,0,0,0,0,0,0,0,0,0,0,0,0,0,0,0,0,0,0,0,0,0,0,0,0,0,0
"0742 PAG Pou4f1 Ebf2 Glut_6",0,0,0,0,0,0,1,0,0,0,0,0,1,0,0,0,0,0,0,0,0,0,0,2,0,0,1,0,0,0,0,0,0,0,0,0,0,0,0,0,0,0,0,0,0,0,0,0,0,0,0,0,0,0,0,0,0,0,0,0,0,0,0,0,0,0,0,0,0,0,0,0,0,0,0,0
"0743 PAG Pou4f1 Ebf2 Glut_7",0,0,0,0,0,0,1,0,0,0,0,0,0,0,0,0,0,0,0,0,0,0,0,0,0,0,0,0,0,0,0,0,0,0,0,0,0,0,0,0,0,0,0,0,0,1,0,0,0,0,0,0,0,0,0,0,0,0,0,0,0,0,0,0,0,0,0,0,0,0,0,0,0,0,0,0
"0745 PAG Pou4f2 Glut_1",8,0,9,28,8,0,7,0,0,0,0,2,9,1,0,0,2,4,4,1,0,1,1,3,0,3,4,0,0,0,0,2,2,0,14,1,0,1,0,1,2,0,0,1,0,4,0,0,0,0,0,0,0,0,0,0,1,0,0,0,1,0,0,0,0,0,0,9,0,0,0,0,0,0,0,0
"0746 PAG Pou4f2 Glut_2",0,0,0,0,1,0,0,0,0,0,0,0,0,0,0,0,0,0,0,0,0,0,0,0,0,0,0,0,0,0,0,0,0,0,0,0,0,0,0,0,0,0,0,0,0,1,0,0,0,0,0,0,0,0,0,0,0,0,0,0,0,0,0,0,0,0,0,0,0,0,0,0,0,0,0,0
"0747 PAG Pou4f2 Glut_3",0,0,0,1,0,0,0,0,0,0,0,0,0,0,0,0,0,1,0,0,0,0,0,1,0,0,0,0,0,0,0,0,0,0,0,0,0,0,0,0,0,0,0,0,0,1,0,0,0,0,0,0,0,0,0,0,1,0,0,0,0,0,0,0,0,0,0,0,0,0,0,0,0,0,0,0
"0748 PAG Pou4f2 Glut_4",0,0,1,0,0,0,0,0,0,0,0,0,0,0,0,0,0,0,0,0,0,0,0,0,0,0,0,0,0,0,0,0,0,0,0,0,0,0,0,0,0,0,0,0,0,0,0,0,0,0,0,0,0,0,0,0,0,0,0,0,0,0,0,0,0,0,0,1,0,0,0,0,0,0,0,0
"0749 PAG Pou4f2 Glut_5",2,0,1,0,0,0,1,0,0,0,0,0,0,0,0,0,0,0,0,0,0,0,0,1,0,0,0,0,0,0,0,0,0,0,0,0,0,0,0,0,0,0,0,0,0,0,0,0,0,0,0,0,0,0,0,0,0,0,0,0,0,0,0,0,0,0,0,0,0,0,0,0,0,0,0,0
"0750 PAG Pou4f2 Mesi2 Glut_1",0,0,0,0,0,0,0,0,0,0,0,0,1,1,0,1,0,1,0,0,0,0,0,0,0,0,1,0,0,0,1,0,0,0,0,0,0,0,0,0,0,0,0,1,0,0,0,0,0,0,0,0,0,0,0,0,0,0,0,0,0,0,0,0,0,0,0,0,0,0,0,0,0,0,0,0
"0751 PAG Pou4f2 Mesi2 Glut_2",0,0,1,0,0,0,0,0,0,0,0,0,0,0,0,0,0,0,0,0,0,0,0,0,0,1,1,0,0,0,0,0,0,0,0,0,0,1,0,0,0,0,0,1,0,0,0,0,0,0,0,0,0,0,0,0,0,0,0,0,0,0,0,0,0,0,0,1,0,0,0,0,0,0,0,0
"0752 PAG Pou4f2 Mesi2 Glut_3",2,0,1,0,1,0,2,0,3,0,0,0,2,0,1,0,0,1,0,0,0,0,0,0,0,0,0,0,0,0,1,0,0,0,0,0,0,0,0,0,1,0,0,0,0,0,0,0,0,0,0,0,0,0,0,0,0,0,0,0,0,0,0,0,0,0,0,0,0,0,0,0,0,0,0,0
"0753 PAG Pou4f2 Mesi2 Glut_4",3,0,4,2,0,0,0,0,0,0,0,0,1,0,0,0,0,2,0,0,0,0,0,0,0,0,0,0,0,0,0,0,0,0,2,0,0,0,0,0,0,0,0,0,0,0,0,0,0,0,0,0,0,0,0,0,0,0,0,0,0,0,0,0,0,0,0,1,0,0,0,0,0,0,0,0
"0755 PAG Pou4f2 Mesi2 Glut_6",0,0,1,0,0,0,0,0,0,0,0,0,0,0,0,0,0,0,0,0,0,0,0,0,0,0,0,0,0,0,0,0,0,0,0,0,0,0,0,0,0,0,0,0,0,0,0,0,0,0,0,0,0,0,0,0,0,0,0,0,0,0,0,0,0,0,0,0,0,0,0,0,0,0,0,0
"0756 SC Bnc2 Glut_1",0,0,0,1,0,0,0,0,1,0,0,1,0,0,0,0,0,1,1,0,0,0,0,0,0,0,0,0,0,0,0,0,0,0,3,0,0,0,0,0,1,0,0,0,0,0,0,0,0,0,0,0,0,0,0,0,0,0,0,0,0,0,0,0,0,0,0,0,0,0,0,0,0,0,0,0
"0757 SC Bnc2 Glut_2",0,0,0,0,0,0,0,0,1,0,0,0,1,0,0,0,0,2,0,0,0,0,0,0,0,1,0,0,0,0,0,0,0,0,3,0,0,0,0,0,0,0,0,0,0,0,0,0,0,0,0,0,0,0,0,0,0,0,0,0,0,0,1,0,0,0,0,0,0,0,0,0,0,0,0,0
"0758 SC Bnc2 Glut_3",0,0,0,0,0,0,0,0,0,0,0,0,0,0,0,0,0,0,0,0,0,0,0,0,0,0,1,0,0,0,0,0,0,0,0,0,0,0,0,0,0,0,0,0,0,0,0,0,0,0,0,0,0,0,0,0,0,0,0,0,0,0,0,0,0,0,0,0,0,0,0,0,0,0,0,0
"0759 SC Bnc2 Glut_4",0,0,0,0,0,0,0,0,0,0,0,0,1,0,0,0,0,4,0,0,0,0,0,0,0,0,0,0,0,0,0,0,0,0,0,0,0,0,0,0,0,0,0,0,0,0,0,0,0,0,0,0,0,0,0,0,0,0,0,0,0,0,0,0,0,0,0,1,0,0,0,0,0,0,0,0
"0760 SCig Foxb1 Glut_1",4,0,2,1,0,0,1,0,2,0,1,0,2,0,0,0,0,6,0,2,0,1,0,1,0,0,1,1,0,0,0,0,0,0,8,0,0,0,0,0,3,0,0,0,0,0,0,0,0,0,0,0,0,0,0,0,0,0,0,0,1,0,1,0,0,0,0,4,0,0,0,0,0,0,0,0
"0761 SCig Foxb1 Glut_2",0,0,3,1,0,0,1,0,4,0,0,1,0,0,0,0,0,5,1,0,0,0,0,0,1,0,0,0,0,0,2,0,0,0,14,0,0,1,0,0,0,0,0,0,0,0,0,1,0,0,0,0,0,0,0,0,0,0,0,0,0,0,0,1,0,0,0,0,0,0,0,0,0,0,1,0
"0762 SCig Foxb1 Glut_3",1,0,0,1,0,0,0,0,0,0,1,0,0,0,0,0,0,0,2,0,0,0,0,1,0,0,0,0,0,0,0,0,0,0,0,0,0,0,0,0,0,0,0,0,0,0,0,1,0,0,0,0,0,1,0,0,0,0,0,0,0,0,0,0,0,0,0,0,0,0,0,0,0,0,0,0
"0763 SCig Foxb1 Glut_4",2,0,0,0,0,1,1,0,1,0,0,0,0,0,0,1,0,4,0,0,0,0,0,0,0,0,0,0,1,0,0,1,0,0,1,0,0,0,0,0,0,0,0,0,0,1,0,0,0,0,0,0,1,0,0,0,0,0,0,0,0,1,0,0,0,0,0,0,0,0,0,0,0,0,0,0
"0764 SCig-an-PPT Foxb1 Glut_1",33,1,14,7,4,0,4,0,11,0,2,1,6,0,2,1,4,32,22,2,0,1,4,2,0,13,10,9,5,3,7,1,0,0,262,5,8,1,1,1,7,0,3,0,0,2,0,6,0,1,0,1,3,2,0,0,2,0,0,0,3,5,3,0,1,2,2,5,0,0,1,0,0,0,0,0
"0766 SCdg-PAG Tfap2b Glut_1",0,0,0,0,0,0,0,0,0,0,0,0,0,0,0,0,0,0,0,0,0,0,0,1,0,0,0,0,0,0,0,0,0,0,0,0,0,0,0,0,0,1,0,0,0,0,0,0,0,0,0,0,0,0,0,0,0,0,0,0,0,0,0,0,0,0,0,0,0,0,0,0,0,0,0,0
"0767 SCiw Pitx2 Glut_1",0,0,0,0,0,0,0,0,0,0,0,0,0,0,0,0,0,0,0,0,0,0,0,1,0,0,0,0,0,0,0,0,0,0,0,0,0,0,0,0,0,0,0,0,0,0,0,0,0,0,0,0,0,0,0,0,0,0,0,0,0,0,0,0,0,0,0,1,0,0,0,0,0,0,0,0
"0768 SCiw Pitx2 Glut_2",1,0,0,0,0,0,0,0,0,0,0,0,0,0,0,0,0,0,0,0,0,0,0,0,0,0,0,0,0,0,0,0,0,0,0,0,0,0,0,0,0,0,0,0,0,0,0,0,0,0,0,0,0,0,0,0,0,0,0,0,0,0,0,0,0,0,0,1,0,0,0,0,0,0,0,0
"0769 SCiw Pitx2 Glut_3",0,0,0,0,0,0,0,0,0,0,0,0,0,0,0,0,0,0,0,0,0,0,0,1,0,0,0,0,0,0,0,0,0,0,0,0,0,0,0,0,0,0,0,0,0,0,0,0,0,0,0,0,0,0,0,0,0,0,0,0,0,0,0,0,0,0,0,0,0,0,0,0,0,0,0,0
"0770 IC Tfap2d Maf Glut_1",0,0,0,0,0,0,0,0,0,0,0,0,0,0,0,0,0,0,0,0,0,0,0,0,0,0,0,0,0,0,1,0,0,0,0,0,0,0,0,0,0,0,0,0,0,0,0,0,0,0,0,0,0,0,0,0,0,0,0,0,0,0,0,0,0,0,0,0,0,0,0,0,0,0,1,0
"0771 IC Tfap2d Maf Glut_2",2,0,1,0,0,0,0,0,0,0,0,0,0,0,0,0,0,0,0,0,0,0,0,2,0,1,0,0,0,0,0,0,0,0,0,0,0,1,0,0,0,0,0,0,0,1,0,0,0,0,0,0,0,0,0,0,0,0,0,0,0,0,0,0,0,0,0,0,0,0,0,0,0,0,0,0
"0772 IC Tfap2d Maf Glut_3",0,0,0,0,0,0,0,2,7,0,0,0,0,0,0,0,0,0,0,0,0,0,0,0,0,0,0,1,0,0,0,0,0,0,5,0,0,0,0,0,0,0,0,0,0,0,0,0,0,0,0,0,0,0,0,0,0,0,0,0,0,0,0,0,0,0,0,0,0,0,0,0,0,0,0,0
"0773 IC Tfap2d Maf Glut_4",6,0,12,1,6,2,3,0,22,0,0,3,0,0,0,0,1,4,2,0,0,0,1,3,0,6,7,0,0,1,1,1,1,0,45,0,0,3,0,0,1,0,0,0,0,1,0,0,0,0,0,2,0,0,0,0,1,0,0,0,0,0,0,0,0,0,0,1,0,0,0,0,0,0,0,1
"0775 IC Tfap2d Maf Glut_6",0,0,0,1,0,0,0,0,0,0,0,0,0,0,0,0,0,0,0,0,0,0,0,0,0,0,0,0,0,0,0,0,0,0,0,0,0,0,0,0,0,0,0,0,0,0,0,0,0,0,0,0,0,0,0,0,0,0,0,0,0,0,0,0,0,0,0,0,0,0,0,0,0,0,0,0
"0776 CUN-PPN Evx2 Meis2 Glut_1",1,0,0,1,1,0,1,0,0,0,0,0,0,2,0,0,0,1,1,0,0,0,0,1,0,0,1,0,0,1,0,0,0,0,0,0,0,0,0,0,0,0,1,0,0,1,0,0,0,0,0,0,0,0,0,0,0,0,0,0,0,0,0,0,1,0,0,2,0,0,0,0,0,0,0,0
"0777 CUN-PPN Evx2 Meis2 Glut_2",0,0,0,0,0,0,0,0,0,0,0,0,0,0,0,0,0,0,0,0,0,0,0,1,0,0,0,0,0,0,0,0,0,0,0,0,0,0,0,0,0,0,0,0,0,0,0,0,0,0,0,0,0,0,0,0,0,0,0,0,0,0,0,0,0,0,0,0,0,0,0,0,0,0,0,0
"0779 CUN-PPN Evx2 Meis2 Glut_4",1,0,0,0,0,0,1,0,0,0,0,0,0,0,0,0,0,0,0,0,0,0,0,0,0,0,0,0,0,0,1,0,0,0,0,0,0,0,0,0,0,0,0,0,0,0,0,0,0,0,0,0,0,0,0,0,0,0,0,0,0,0,0,0,0,0,0,0,0,0,0,0,0,0,0,0
"0780 CUN-PPN Evx2 Meis2 Glut_5",0,0,0,0,0,0,0,0,0,0,0,0,1,0,0,0,0,0,0,0,0,0,0,0,0,0,0,0,0,0,0,0,0,0,0,0,0,0,0,0,0,0,0,0,0,0,0,0,0,0,0,0,0,0,0,0,0,0,0,0,0,0,0,0,0,0,0,0,0,0,0,0,0,0,0,0
"0782 PAG Tcf24 Glut_1",1,0,0,0,0,0,0,0,0,0,0,14,0,0,0,0,0,0,0,0,0,0,0,0,0,0,0,0,0,0,0,0,1,0,0,0,0,0,0,0,0,0,0,0,0,0,0,0,0,0,0,0,0,0,0,0,0,0,0,0,0,0,0,0,0,0,0,2,0,0,0,0,0,0,0,0
"0783 SCig Tfap2b Chrnb3 Glut_1",0,0,0,0,0,0,1,0,0,0,0,0,1,0,0,0,0,0,0,0,0,0,0,0,0,0,0,0,0,0,0,0,0,0,0,0,0,0,0,0,0,0,0,0,0,0,0,0,0,1,0,0,0,0,0,0,0,0,0,0,0,0,0,0,0,0,0,0,0,0,0,0,0,0,0,0
"0784 SCop Pou4f2 Neurod2 Glut_1",0,0,0,1,0,0,0,0,0,0,0,0,0,0,0,0,0,1,0,0,0,0,0,0,0,2,0,0,0,0,0,0,0,0,0,0,0,1,0,0,0,0,0,0,0,0,0,0,0,0,0,0,0,0,0,0,0,0,0,0,0,0,0,0,0,0,0,0,0,0,0,0,0,0,0,0
"0785 SCsg Pde5a Glut_1",0,0,0,0,0,0,0,0,0,0,0,0,0,0,0,0,0,0,0,0,0,0,0,0,0,0,0,0,0,0,0,0,0,0,0,0,0,0,0,0,0,0,0,0,0,0,0,0,0,0,0,0,0,0,0,0,0,0,0,0,0,0,0,0,0,0,0,1,0,0,0,0,0,0,0,0
"0786 SCsg Pde5a Glut_2",0,0,0,0,0,0,0,0,0,0,0,0,0,0,0,0,0,0,0,0,0,0,0,0,0,0,0,0,0,0,0,0,0,0,1,0,0,0,0,0,0,0,0,0,0,0,0,0,0,0,0,0,0,0,0,0,0,0,0,0,0,0,0,0,0,0,0,0,0,0,0,0,0,0,0,0
"0787 SCsg Pde5a Glut_3",0,0,0,0,0,0,0,0,1,0,0,0,0,0,0,0,0,0,0,0,0,0,0,0,0,0,0,0,0,0,0,0,0,0,0,0,0,0,0,0,0,0,0,0,0,0,0,0,0,1,0,0,0,0,0,0,0,0,0,0,0,0,0,0,0,0,0,0,0,0,0,0,0,0,0,0
"0790 ND-INC Foxd2 Glut_1",6,0,0,1,0,0,0,0,1,0,0,0,1,0,0,1,0,0,0,0,0,0,0,0,0,0,1,0,1,0,0,0,0,0,0,0,0,0,0,0,1,0,0,0,0,0,0,0,0,0,0,0,0,0,0,0,0,0,0,0,0,0,0,0,0,0,0,73,0,0,0,0,0,0,0,0
"0791 PAG-MRN Rln3 Gaba_1",0,0,0,0,0,0,0,0,0,0,0,0,2,0,0,0,0,0,0,0,0,0,0,1,0,0,1,0,0,0,0,0,0,0,0,0,0,0,0,0,1,0,0,0,0,1,0,0,0,0,0,0,0,0,0,0,0,0,0,0,0,0,0,0,0,0,0,0,0,0,0,0,0,0,0,0
"0792 PPN-CUN-PCG Otp En1 Gaba_1",6,0,1,1,1,0,1,0,0,0,0,0,3,1,0,1,0,1,3,0,0,0,0,3,0,0,3,0,0,0,1,1,0,0,1,0,1,0,0,0,0,0,0,0,0,3,0,0,1,0,0,0,0,0,0,0,2,0,0,0,0,0,0,0,0,0,0,1,0,0,0,0,0,0,0,1
"0793 PPN-CUN-PCG Otp En1 Gaba_2",5,0,0,0,0,0,2,0,0,0,0,1,1,3,0,0,0,1,0,0,0,0,0,2,0,0,0,0,0,2,1,0,0,0,0,0,0,0,0,0,0,0,0,0,0,0,0,0,0,0,0,0,0,0,0,0,0,0,0,1,0,0,0,0,0,0,0,1,0,0,0,0,0,0,0,0
"0794 PPN-CUN-PCG Otp En1 Gaba_3",8,0,1,3,0,0,3,0,2,0,0,1,9,1,0,0,0,5,0,0,0,0,0,6,0,0,1,0,0,0,3,0,0,0,1,0,1,0,0,0,3,1,0,0,0,2,0,0,0,0,0,1,1,0,0,0,0,0,0,1,0,0,0,0,0,0,0,2,0,0,0,0,0,0,0,2
"0795 MRN-PPN-CUN Pax8 Gaba_1",3,0,0,0,1,0,0,0,0,0,0,0,0,0,0,0,0,0,0,0,0,0,0,0,0,0,1,0,0,0,0,1,0,0,0,0,0,0,0,0,0,0,0,0,0,0,0,0,0,0,0,0,0,0,0,1,0,0,0,0,0,0,0,0,0,0,0,0,0,0,0,0,0,0,0,0
"0796 MRN-PPN-CUN Pax8 Gaba_2",0,0,0,0,0,0,0,0,0,0,0,0,0,0,0,0,0,0,0,1,0,0,0,0,0,0,0,0,0,0,0,0,0,0,0,0,0,0,0,0,0,0,0,0,0,0,0,0,0,0,0,0,0,0,0,0,0,0,0,0,0,0,0,0,0,0,0,0,0,0,0,0,0,0,0,0
"0798 MRN-VTN-PPN Pax5 Cdh23 Gaba_1",0,0,0,0,0,0,1,0,0,0,0,0,1,0,0,0,0,0,0,0,0,0,0,1,0,0,0,0,0,0,0,0,0,0,0,0,0,0,0,0,0,0,0,0,0,0,0,0,0,0,0,0,0,0,0,0,0,0,0,0,0,0,0,0,0,0,0,0,0,0,0,0,0,0,0,0
"0799 MRN-VTN-PPN Pax5 Cdh23 Gaba_2",0,0,0,0,0,0,0,0,0,0,0,0,1,0,0,0,0,0,0,0,0,0,0,0,0,0,0,0,0,0,0,0,0,0,0,0,0,0,0,0,0,0,0,0,0,0,0,0,0,0,0,0,0,0,0,0,0,0,0,0,0,0,0,0,0,0,0,0,0,0,0,0,0,0,0,0
"0800 SNr-VTA Pax5 Npas1 Gaba_1",0,0,0,0,0,0,0,0,0,0,0,0,1,0,0,0,0,0,0,0,0,0,0,0,0,0,0,0,0,0,0,0,0,0,0,0,0,0,0,0,0,0,0,0,0,0,0,0,0,0,0,0,0,0,0,0,0,0,0,0,0,0,0,0,0,0,0,0,0,0,0,0,0,0,0,0
"0802 PAG-PPN Pax5 Sox21 Gaba_1",1,0,0,0,0,0,0,0,0,0,0,0,0,0,0,0,0,0,1,0,0,0,0,1,0,0,0,0,0,0,0,0,0,0,0,0,0,0,0,0,0,0,0,0,0,1,0,0,0,0,0,0,0,0,0,0,0,0,0,0,0,0,0,0,0,0,0,0,0,0,0,0,0,0,0,0
"0803 PAG-PPN Pax5 Sox21 Gaba_2",0,0,0,0,0,0,0,0,0,0,0,0,0,0,0,0,0,0,0,1,0,1,0,0,0,0,0,0,0,0,0,0,0,0,0,0,0,0,0,0,0,0,0,0,0,0,0,0,0,0,0,0,0,0,0,0,0,0,0,0,0,0,0,0,0,0,0,0,0,0,0,0,0,0,0,0
"0804 PAG-PPN Pax5 Sox21 Gaba_3",1,0,0,0,0,0,0,0,0,0,0,0,0,0,0,0,0,0,0,0,0,0,0,1,0,0,0,0,0,0,0,0,0,0,0,0,0,0,0,0,0,0,0,0,0,0,0,0,0,0,0,0,0,0,0,0,0,0,0,0,0,0,0,0,0,0,0,0,0,0,0,0,0,0,0,0
"0806 SNr Six3 Gaba_1",2,0,0,0,0,0,0,0,1,0,0,0,19,0,0,0,0,1,0,0,0,0,0,1,0,0,0,0,0,0,0,0,0,0,0,0,0,0,0,0,1,0,0,0,0,0,0,0,0,0,0,0,1,0,0,0,0,0,0,0,0,0,0,0,0,0,0,0,0,0,0,0,0,0,0,0
"0807 IC Six3 En2 Gaba_1",1,0,1,1,2,0,1,0,0,0,0,1,4,2,0,2,0,1,1,0,0,0,0,5,0,0,1,0,0,1,0,3,0,0,0,0,0,0,0,3,0,0,0,0,0,3,0,0,0,0,0,0,0,1,0,0,0,0,0,1,0,0,0,0,0,0,0,0,0,0,0,0,0,0,0,0
"0808 IC Six3 En2 Gaba_2",3,0,0,4,0,0,0,0,0,0,0,1,0,1,0,0,0,0,0,0,0,1,0,4,0,0,1,0,0,1,0,1,1,0,0,0,0,0,0,0,0,0,0,0,0,2,0,0,0,0,0,0,0,0,0,0,0,0,0,0,0,0,0,0,0,0,0,0,0,0,0,0,0,0,0,0
"0809 IC Six3 En2 Gaba_3",0,0,0,0,0,0,0,0,0,0,0,0,2,0,0,0,0,0,0,1,0,0,0,3,0,0,0,0,0,0,0,0,0,0,0,0,0,0,0,0,0,0,0,0,0,0,0,0,0,0,0,0,0,0,0,1,0,0,0,0,0,0,0,0,0,0,0,0,0,0,0,0,0,0,0,0
"0810 IC Six3 En2 Gaba_4",0,0,0,0,1,0,0,0,0,0,0,0,1,1,0,0,0,0,0,0,0,0,0,3,0,0,0,0,0,0,0,1,0,0,0,0,0,0,0,0,0,0,0,0,0,2,0,0,0,0,0,0,0,0,0,0,0,0,0,0,0,0,0,0,0,0,0,0,0,0,0,0,0,0,0,0
"0812 IC Six3 En2 Gaba_6",1,0,0,0,0,0,0,0,0,0,0,0,0,0,0,0,0,0,0,0,0,0,0,0,0,0,0,0,0,0,0,0,0,0,0,0,0,0,0,0,0,0,0,0,0,0,0,0,0,0,0,0,0,0,0,0,0,0,0,0,0,0,0,0,0,0,0,0,0,0,0,0,0,0,0,0
"0813 IC Six3 En2 Gaba_7",0,0,0,0,0,0,0,0,0,0,0,0,0,0,0,0,0,0,0,0,0,0,0,1,0,1,0,0,0,0,0,0,0,0,0,0,0,0,0,0,0,0,0,0,0,1,0,0,0,0,0,0,0,0,0,0,0,0,0,0,0,0,0,0,0,0,0,0,0,0,0,0,0,0,0,0
"0814 PAG-MRN-RN Foxa2 Gaba_1",1,0,0,0,0,0,0,0,0,0,0,0,2,0,0,0,0,0,0,0,0,0,0,1,0,0,0,0,0,0,0,0,0,0,0,0,0,0,0,0,0,0,0,0,0,0,0,0,0,0,0,0,0,0,0,0,0,0,0,0,0,0,0,0,0,0,0,1,0,0,0,0,0,0,0,0
"0815 PAG-MRN-RN Foxa2 Gaba_2",0,0,2,0,0,0,1,0,0,0,0,0,2,0,0,0,0,1,0,0,0,0,1,2,0,1,0,0,0,0,0,1,0,0,0,0,0,0,0,0,0,0,0,0,0,0,0,0,0,0,0,0,0,0,0,0,0,0,0,0,0,0,0,0,0,0,0,1,0,0,0,0,0,0,0,0
"0817 PAG-MRN-RN Foxa2 Gaba_4",0,0,0,0,0,0,0,0,0,0,0,0,0,0,0,0,0,0,1,0,0,0,0,0,0,0,0,0,1,0,0,0,0,0,0,0,0,0,0,0,0,0,0,0,0,2,0,0,0,0,0,0,0,0,0,0,0,0,0,0,0,1,0,0,0,0,0,0,0,0,0,0,0,0,0,0
"0818 PAG-ND-PCG Onecut1 Gaba_1",1,0,0,2,0,0,0,0,0,0,0,0,3,1,0,0,0,0,0,0,0,0,0,2,0,0,0,0,0,0,0,0,0,0,0,0,0,0,0,1,0,0,0,0,0,0,0,0,0,0,0,0,0,0,0,0,0,0,0,0,0,0,0,0,0,0,0,0,0,0,0,0,0,0,0,0
"0819 PAG-ND-PCG Onecut1 Gaba_2",0,0,0,1,0,0,0,0,0,0,0,1,3,1,1,0,0,1,0,0,0,0,0,0,0,0,0,0,0,0,0,0,0,0,0,0,0,0,0,0,0,0,0,0,0,0,0,0,0,0,0,0,0,0,0,0,0,0,0,0,0,0,0,0,0,0,0,0,0,0,0,0,0,0,0,0
"0822 PAG-ND-PCG Onecut1 Gaba_5",0,0,0,0,0,1,0,0,0,0,0,0,0,0,0,0,0,0,0,0,0,0,0,0,0,0,0,0,0,0,0,0,0,0,0,0,0,0,0,0,0,0,0,0,0,0,0,0,0,0,0,0,0,0,0,0,0,0,0,0,0,0,0,0,0,0,0,0,0,0,0,0,0,0,0,0
"0823 PAG-RN Nkx2-2 Otx1 Gaba_1",1,0,2,1,0,0,0,0,1,0,0,0,8,2,0,0,0,0,3,0,0,1,0,6,0,0,0,0,0,0,0,1,0,0,0,0,0,0,0,0,0,0,0,0,0,0,0,0,0,0,0,0,0,0,0,0,0,0,0,0,0,0,0,0,0,0,0,1,0,0,0,0,0,0,0,1
"0824 PAG-RN Nkx2-2 Otx1 Gaba_2",0,0,1,0,0,0,0,0,0,0,0,0,1,0,0,0,0,0,0,0,0,1,0,1,0,1,0,0,0,0,0,0,0,0,0,0,0,0,0,0,0,0,0,0,0,0,0,0,0,0,0,0,0,0,0,0,0,0,0,0,0,0,0,0,0,0,0,0,0,0,0,0,0,0,0,0
"0825 PAG-RN Nkx2-2 Otx1 Gaba_3",7,0,1,0,1,0,1,0,0,0,0,1,2,0,0,0,0,3,0,0,0,0,0,4,0,0,0,0,0,0,0,2,0,0,0,0,1,0,0,0,1,0,0,0,0,0,0,0,0,0,0,0,0,0,0,0,0,0,0,0,0,0,0,0,0,0,0,2,0,0,0,0,0,0,0,0
"0826 PAG-RN Nkx2-2 Otx1 Gaba_4",0,0,0,0,0,0,0,0,0,0,0,0,0,1,0,0,0,0,0,0,0,0,0,1,0,0,0,0,0,0,0,0,1,0,0,0,0,0,0,0,0,0,0,0,0,0,0,0,0,0,0,0,0,0,0,0,0,0,0,0,0,0,0,0,0,0,0,0,0,0,0,0,0,0,0,0
"0827 PAG-RN Nkx2-2 Otx1 Gaba_5",0,0,1,0,0,0,0,0,0,0,0,0,0,0,0,0,0,0,0,0,0,0,0,0,0,0,0,0,0,0,0,0,0,0,0,0,0,0,0,0,0,0,0,0,0,1,0,0,0,0,0,0,0,0,0,0,0,0,0,0,0,0,0,0,0,0,0,1,0,0,0,0,0,0,0,0
"0828 PAG-RN Nkx2-2 Otx1 Gaba_6",6,0,0,0,0,0,0,0,1,0,0,1,4,0,0,0,0,2,2,0,0,1,0,3,0,0,0,0,0,0,1,0,0,0,0,0,0,0,0,0,0,0,0,0,0,0,0,0,0,0,0,0,0,0,0,1,0,0,0,0,0,0,0,0,0,0,0,1,0,0,0,0,0,0,0,1
"0829 PRT Tcf7l2 Gaba_1",46,2,14,23,9,1,13,0,6,0,0,11,220,19,1,3,3,12,13,5,0,8,1,35,0,1,17,0,2,5,7,13,0,0,36,1,1,1,0,3,9,2,0,2,0,11,0,0,0,0,0,0,0,1,0,1,10,3,0,2,1,3,1,0,2,0,0,14,0,2,1,0,0,0,0,1
"0830 PRT Tcf7l2 Gaba_2",0,0,0,0,0,0,0,0,0,0,0,0,1,0,0,0,0,0,0,0,0,0,0,1,0,0,0,0,0,0,0,0,0,0,0,0,0,0,0,0,0,0,0,0,0,0,0,0,0,0,0,0,0,0,0,0,0,0,0,0,0,0,0,0,0,0,0,0,0,0,0,0,0,0,0,0
"0831 PRT Tcf7l2 Gaba_3",15,0,1,2,0,0,0,1,1,0,0,1,111,0,0,0,2,1,2,1,0,0,1,5,0,0,4,0,1,0,1,1,1,0,6,0,0,0,0,1,3,0,0,0,0,1,0,0,0,0,0,0,0,0,0,0,2,0,0,0,1,0,0,0,0,0,0,0,0,0,1,0,0,0,0,0
"0832 PRT Tcf7l2 Gaba_4",37,0,2,3,0,0,2,0,8,0,2,3,47,1,2,2,0,8,16,0,0,3,0,13,0,2,4,0,0,2,0,0,0,0,19,1,5,0,0,3,6,1,1,2,0,3,1,0,1,0,0,1,0,0,0,1,4,0,0,0,0,3,1,0,0,0,0,2,0,0,0,0,12,0,0,1
"0833 PRT Tcf7l2 Gaba_5",15,0,1,2,2,0,3,0,2,0,1,0,55,1,0,0,0,2,4,4,0,0,0,7,0,0,1,0,1,0,0,2,0,0,8,0,2,0,0,0,2,0,0,1,0,0,0,0,0,0,0,0,0,1,0,0,1,0,0,0,0,0,0,0,0,0,0,3,0,0,0,0,0,0,0,1
"0834 LGv-SPFp-SPFm Nkx2-2 Tcf7l2 Gaba_1",9,0,3,0,0,0,3,0,0,0,0,2,31,2,0,2,0,1,0,0,0,6,0,10,0,0,0,0,1,0,0,0,1,0,1,0,1,0,0,2,0,0,0,0,0,0,1,0,0,0,0,0,0,0,0,0,0,0,0,0,0,0,0,0,0,0,0,0,0,0,0,0,0,0,0,0
"0835 LGv-SPFp-SPFm Nkx2-2 Tcf7l2 Gaba_2",14,1,1,1,1,0,2,0,0,0,0,0,89,0,0,1,0,3,4,0,0,0,0,21,0,0,0,0,0,0,0,0,0,0,0,0,0,0,0,0,1,0,0,0,0,0,0,0,0,0,0,0,0,0,0,0,0,0,0,0,0,0,0,0,0,0,0,0,0,0,0,0,0,0,0,0
"0836 LGv-SPFp-SPFm Nkx2-2 Tcf7l2 Gaba_3",12,0,1,1,3,0,2,0,2,0,1,1,40,2,0,1,1,5,0,2,0,0,0,13,0,2,2,0,2,1,0,1,1,0,10,0,0,0,1,0,1,0,0,0,0,1,0,0,1,0,0,0,0,0,0,0,2,0,0,1,1,0,0,0,0,0,0,2,0,0,0,0,0,0,0,0
"0837 LGv-SPFp-SPFm Nkx2-2 Tcf7l2 Gaba_4",7,2,0,0,0,0,0,0,3,0,0,0,27,1,0,1,5,1,2,0,0,0,0,5,0,1,0,1,0,2,0,0,0,0,2,0,0,0,0,0,2,0,0,0,0,1,0,0,0,0,0,0,0,0,0,0,0,0,0,0,0,0,0,0,0,0,0,0,0,0,0,0,0,0,0,0
"0838 LGv-SPFp-SPFm Nkx2-2 Tcf7l2 Gaba_5",7,0,0,0,0,0,0,0,0,0,0,1,50,0,0,0,0,0,4,1,0,0,0,1,0,0,0,0,1,0,0,0,0,0,0,0,0,0,0,0,2,0,0,0,0,0,0,0,0,0,0,0,0,0,0,0,0,0,0,0,0,0,0,0,0,0,0,1,0,0,0,0,0,0,0,0
"0839 LGv-SPFp-SPFm Nkx2-2 Tcf7l2 Gaba_6",24,0,1,0,1,0,1,0,0,0,1,2,117,0,0,0,0,8,3,0,0,4,0,15,0,0,0,0,0,0,0,0,1,0,6,1,1,0,0,0,2,0,0,0,0,1,0,2,0,0,0,0,0,0,0,0,0,0,0,0,0,0,0,0,0,0,0,1,0,0,0,0,0,0,0,0
"0840 LGv-SPFp-SPFm Nkx2-2 Tcf7l2 Gaba_7",8,0,2,0,1,0,0,0,1,0,1,0,33,0,1,0,0,0,1,0,0,0,0,6,0,0,0,0,0,2,0,0,0,0,1,0,0,0,0,0,0,0,0,0,0,0,0,0,0,0,0,0,0,0,0,0,0,0,0,0,0,0,0,0,0,0,0,0,0,0,0,0,0,0,1,0
"0841 SC Otx2 Gcnt4 Gaba_1",0,0,0,0,0,0,0,0,0,0,0,0,1,0,0,0,0,0,0,0,0,0,0,0,0,0,0,0,0,0,0,0,0,0,0,0,0,0,0,0,0,0,0,0,0,0,0,0,0,0,0,0,0,0,0,0,0,0,0,0,0,0,0,0,0,0,0,0,0,0,0,0,0,0,0,0
"0843 SC-PAG Lef1 Emx2 Gaba_1",2,2,4,1,2,0,1,0,0,0,1,0,3,1,1,0,0,0,0,0,0,1,1,2,0,0,4,0,0,1,0,0,1,0,5,0,0,0,0,0,1,0,0,0,0,4,0,0,0,0,0,0,0,0,0,0,0,0,0,0,0,1,0,0,0,0,0,1,0,0,0,0,0,0,0,0
"0844 SC-PAG Lef1 Emx2 Gaba_2",4,1,0,3,1,0,3,0,0,0,0,0,20,3,0,0,2,2,0,0,0,0,0,5,0,0,5,0,1,4,2,0,1,0,4,0,0,1,0,1,0,0,0,2,1,3,0,0,0,0,0,0,0,0,0,0,1,0,0,0,1,1,0,0,1,0,0,1,0,0,0,0,0,0,0,1
"0845 SC-PAG Lef1 Emx2 Gaba_3",4,0,1,2,4,0,2,0,0,0,1,3,9,1,0,0,1,0,0,0,0,1,1,8,0,1,0,0,0,0,0,0,0,0,2,0,2,0,0,0,2,0,0,1,0,1,0,0,0,0,0,0,0,1,0,0,1,0,0,0,0,0,0,0,1,0,0,0,0,0,1,0,0,0,0,2
"0846 SC-PAG Lef1 Emx2 Gaba_4",11,3,1,9,6,0,6,0,2,0,2,1,35,0,0,0,2,8,3,2,0,0,1,9,0,1,4,0,1,7,1,6,0,0,5,0,0,1,0,0,1,0,0,0,0,5,0,0,0,0,0,0,1,0,0,0,1,0,0,0,0,1,0,0,1,0,0,4,0,0,0,0,0,0,0,1
"0848 SCm-PAG Cdh23 Gaba_1",3,2,2,4,1,0,2,0,0,0,0,1,8,1,0,0,1,3,0,0,0,0,0,5,0,0,1,0,0,0,0,1,0,0,0,0,0,1,0,0,1,0,0,0,0,2,0,1,0,0,0,0,0,0,0,1,0,0,0,0,0,0,0,0,0,0,0,0,0,0,0,0,0,0,0,0
"0849 SCm-PAG Cdh23 Gaba_2",9,0,2,0,2,0,0,0,2,0,0,0,10,1,1,1,1,4,2,4,0,3,0,2,0,0,1,0,0,0,0,0,0,0,5,0,0,1,0,0,0,0,0,0,0,0,0,0,0,0,0,0,0,0,0,0,0,0,0,0,1,0,0,0,1,0,0,1,0,0,0,0,0,0,0,0
"0850 SCm-PAG Cdh23 Gaba_3",9,1,4,1,5,0,3,0,1,0,0,1,9,1,1,2,2,4,4,0,0,1,0,9,0,0,2,0,0,4,1,0,0,0,1,1,0,0,0,0,1,1,0,1,0,1,0,0,0,0,0,0,0,0,0,0,0,0,0,0,0,0,0,0,0,0,0,1,0,0,0,0,0,0,0,0
"0851 SCm-PAG Cdh23 Gaba_4",17,0,7,2,0,0,6,1,5,0,0,4,25,4,0,0,0,4,0,6,0,2,0,5,0,2,0,0,2,2,0,0,0,0,6,1,3,1,0,1,1,0,2,0,0,1,0,1,0,0,0,0,0,0,0,0,2,0,0,1,1,3,2,0,1,0,0,2,0,0,0,0,0,0,0,0
"0852 SCs Dmbx1 Gaba_1",5,0,2,0,0,4,0,0,4,0,0,0,1,0,1,0,0,3,2,0,0,0,1,5,0,0,0,0,0,0,0,0,1,0,0,1,0,0,0,0,0,0,0,0,0,0,0,0,0,0,0,0,0,1,0,0,1,0,0,0,0,0,0,0,0,1,0,1,0,0,0,0,0,0,0,0
"0853 SCs Dmbx1 Gaba_2",4,3,4,0,0,0,1,0,4,0,2,0,10,1,0,0,0,2,2,0,0,2,0,5,0,0,2,0,1,0,1,2,0,0,14,0,1,0,0,0,0,0,0,2,0,2,0,2,0,0,0,0,0,0,0,0,0,1,0,0,0,1,0,2,1,0,0,0,0,0,0,0,0,0,0,0
"0854 SCs Dmbx1 Gaba_3",0,0,0,0,0,0,0,0,0,0,0,0,0,0,0,0,0,0,0,0,0,0,0,0,0,0,0,0,0,0,0,0,0,0,0,0,0,0,0,0,0,0,0,0,0,0,0,0,0,0,0,0,0,0,0,0,0,0,0,1,0,0,0,0,0,0,0,0,0,0,0,0,0,0,0,0
"0855 SCs Dmbx1 Gaba_4",11,1,3,0,1,0,0,0,1,0,0,5,16,2,0,0,0,4,0,0,0,6,0,16,0,3,1,0,0,0,0,1,0,0,3,0,0,1,0,0,2,0,0,0,0,2,0,0,0,2,0,0,0,0,0,0,4,0,0,0,0,0,0,0,0,0,0,2,0,0,0,0,1,0,0,1
"0857 SC Lef1 Otx2 Gaba_1",5,0,0,1,0,0,1,0,0,0,0,0,2,0,0,0,0,0,0,0,0,0,0,1,0,0,0,0,0,0,1,0,0,0,2,0,0,0,0,0,1,0,0,0,0,0,0,0,0,0,0,0,0,1,0,0,0,0,0,0,0,0,0,0,0,0,0,0,1,0,0,0,0,0,0,3
"0859 SCs Pax7 Nfia Gaba_1",9,0,1,0,0,0,0,0,5,0,1,0,1,0,0,0,0,1,5,0,0,1,0,2,0,0,0,0,0,0,1,0,0,0,6,0,1,0,0,0,2,0,0,0,0,3,0,0,1,0,0,0,0,0,0,0,1,0,0,0,2,0,0,0,0,0,0,1,0,0,0,0,0,0,0,1
"0861 SCs Pax7 Nfia Gaba_3",3,0,0,0,0,0,0,0,0,0,0,0,0,0,0,0,0,0,0,0,0,0,0,0,0,0,0,0,0,0,0,0,0,0,0,0,0,0,0,0,0,0,0,0,0,0,0,0,0,0,0,0,0,0,0,0,0,0,0,0,0,0,0,0,0,0,0,0,0,0,0,0,0,0,0,0
"0862 SCs Pax7 Nfia Gaba_4",0,0,0,0,0,0,0,0,0,0,0,0,0,0,0,0,0,0,0,0,0,0,0,0,0,0,0,0,0,0,1,0,0,0,0,0,0,0,0,0,0,0,0,0,0,0,0,0,0,0,0,0,0,0,0,0,0,0,0,0,0,0,0,0,0,0,0,0,0,0,0,0,0,0,0,0
"0863 SCs Pax7 Nfia Gaba_5",6,0,1,0,0,0,0,0,1,0,0,0,1,0,0,0,0,1,0,0,0,1,2,0,0,2,0,0,0,0,0,0,0,0,1,0,1,0,0,0,0,0,0,0,0,0,0,0,0,0,0,0,0,0,0,0,1,0,0,0,0,0,0,0,0,0,0,1,0,0,0,0,0,0,0,1
"0864 PRT Mecom Gaba_1",1,0,0,1,0,0,1,0,0,0,0,0,2,0,0,0,0,1,0,0,0,1,0,4,0,0,0,0,0,0,0,0,0,0,1,0,0,0,0,0,0,0,0,1,0,0,0,0,0,0,0,0,0,0,0,0,0,0,0,0,0,0,0,0,0,0,0,1,0,0,1,0,0,0,0,0
"0865 PRT Mecom Gaba_2",16,0,0,3,1,1,1,0,9,0,2,1,36,1,0,0,2,7,6,0,0,3,0,7,0,1,0,1,1,3,3,0,1,0,16,0,0,1,0,0,3,1,0,1,1,1,0,1,0,0,0,0,1,0,1,0,1,0,0,0,0,2,0,0,0,1,0,3,0,0,0,0,0,0,0,0
"0866 PRT Mecom Gaba_3",9,0,0,1,0,0,0,0,1,0,0,0,9,0,0,1,0,1,3,0,0,1,1,6,0,0,0,1,0,0,0,0,1,0,0,0,0,1,0,0,1,0,0,0,0,1,0,0,0,0,0,0,0,0,0,0,1,0,0,0,1,1,0,0,0,0,0,4,0,0,0,0,0,0,0,0
"0867 SC Tnnt1 Gli3 Gaba_1",2,0,0,1,0,0,0,0,0,0,0,0,0,0,0,0,0,0,0,0,0,0,0,0,0,0,0,0,0,0,0,0,0,0,0,0,0,0,0,0,0,0,0,0,0,0,0,0,0,0,0,0,0,0,0,0,1,0,0,0,0,0,0,0,0,0,0,0,0,0,0,0,0,0,0,0
"0868 SC Tnnt1 Gli3 Gaba_2",1,0,0,0,0,0,0,0,0,0,0,0,0,0,0,0,0,0,0,0,0,0,0,0,0,0,0,0,0,0,0,0,1,0,0,0,0,0,0,0,0,0,0,0,0,0,0,0,0,0,0,0,0,0,0,0,0,0,0,0,0,0,0,0,0,0,0,0,0,0,0,0,0,0,0,0
"0869 SCs Lef1 Gli3 Gaba_1",1,0,0,0,0,0,1,0,0,0,0,0,0,1,0,0,0,1,0,0,0,0,0,0,0,0,0,0,0,0,0,0,0,0,0,0,0,0,0,0,0,0,0,0,0,0,0,0,0,0,0,0,0,0,0,0,0,0,0,0,0,0,0,0,0,0,0,0,0,0,0,0,0,0,0,0
"0871 SCs Lef1 Gli3 Gaba_3",0,0,0,0,0,0,0,0,0,0,0,0,0,0,0,0,0,0,0,0,0,0,0,1,0,0,0,0,0,0,0,0,0,0,0,0,0,0,0,0,0,0,0,0,0,0,0,0,0,0,0,0,0,0,0,0,0,0,0,0,0,0,0,0,0,0,0,0,0,0,0,0,0,0,0,0
"0872 SCsg Gabrr2 Gaba_1",24,1,6,4,1,4,3,1,18,0,1,3,13,1,5,2,3,27,18,0,0,1,1,10,0,1,2,1,5,2,5,0,0,1,136,0,9,0,1,0,5,0,1,0,1,1,0,6,1,0,0,2,0,2,0,0,1,0,0,0,0,3,0,1,1,0,1,4,0,0,0,0,49,0,0,2
"0876 SCsg Gabrr2 Gaba_5",0,0,0,0,0,0,0,0,0,0,0,0,0,0,0,0,0,0,0,0,0,0,0,0,0,0,0,0,0,0,0,0,0,0,0,0,0,0,0,0,0,0,0,0,0,0,0,0,0,0,0,0,0,0,0,0,0,0,0,0,0,0,0,0,0,0,0,0,0,0,0,0,1,0,0,0
"0878 IPN Otp Crisp1 Gaba_2",1,0,0,0,0,0,0,0,0,0,0,0,0,0,0,0,0,0,0,0,0,0,0,0,0,0,0,0,0,0,0,0,0,0,0,0,0,0,0,0,0,0,0,0,0,1,0,0,0,0,0,0,0,0,0,0,0,0,0,0,0,0,0,0,0,0,0,0,0,0,0,0,0,0,0,0
"0880 SNc-VTA-RAmb Foxa1 Dopa_1",0,0,0,0,0,0,0,0,0,0,0,0,0,0,0,0,0,0,1,0,0,0,0,0,0,0,9,0,0,0,0,0,0,0,0,0,0,0,0,0,0,0,0,0,0,1,0,0,0,0,0,0,0,0,0,0,0,0,0,0,0,0,0,0,0,0,0,5,0,0,0,0,0,0,0,0
"0882 SNc-VTA-RAmb Foxa1 Dopa_3",1,0,0,0,0,0,0,0,0,0,0,0,0,0,0,0,0,0,1,0,0,0,0,0,0,0,0,0,0,0,0,0,0,0,0,0,0,0,0,0,0,0,0,0,0,0,0,0,0,0,0,0,0,0,0,0,0,0,0,0,0,0,0,0,0,0,0,0,0,0,0,0,0,24,0,0
"0883 SNc-VTA-RAmb Foxa1 Dopa_4",0,0,0,0,0,0,0,0,0,0,0,1,0,0,0,0,0,0,0,0,0,0,0,0,0,0,1,0,0,0,0,0,0,0,0,0,0,0,0,0,0,1,0,0,0,0,0,0,0,0,0,0,0,0,0,0,0,0,0,0,0,0,0,0,0,0,0,0,0,0,1,0,0,0,0,0
"0884 SNc-VTA-RAmb Foxa1 Dopa_5",0,0,0,0,0,0,0,0,0,0,0,0,0,0,0,0,0,0,0,0,0,0,0,0,0,0,0,0,0,0,0,0,0,0,0,0,0,0,0,0,0,0,0,0,0,0,0,0,0,0,0,0,0,0,0,0,0,0,0,0,0,0,0,0,0,0,0,0,0,0,0,0,0,1,0,0
"0885 SNc-VTA-RAmb Foxa1 Dopa_6",1,0,0,0,0,0,0,0,0,0,0,1,0,0,0,0,1,0,0,0,0,0,0,0,0,0,2,0,0,0,0,0,0,0,0,0,0,0,0,0,0,0,0,0,0,0,0,0,0,0,0,0,0,0,0,0,0,0,0,0,0,0,0,0,0,0,0,0,0,0,0,0,0,3,0,0
"0886 SNc-VTA-RAmb Foxa1 Dopa_7",1,0,0,0,0,0,0,0,0,0,0,0,0,0,0,0,0,0,0,0,0,0,0,0,0,0,0,0,0,0,0,0,0,0,0,0,0,0,0,0,0,0,0,0,0,0,0,0,0,0,0,0,0,0,0,0,0,0,0,0,0,0,0,0,0,0,0,0,0,0,0,0,0,0,0,0
"0887 SNc-VTA-RAmb Foxa1 Dopa_8",0,0,0,0,0,0,0,0,0,0,0,0,0,0,0,0,0,0,0,0,0,0,0,0,0,0,2,0,0,0,0,0,0,0,0,0,0,0,0,0,1,0,0,0,0,0,0,0,0,0,0,0,0,0,0,0,0,0,0,0,0,0,0,0,0,0,0,1,0,0,0,0,0,1,0,0
"0889 MB-MY Tph2 Glut-Sero_2",0,0,0,1,0,0,1,0,0,0,0,1,2,1,0,0,0,0,1,0,0,0,0,2,0,0,0,0,0,0,1,0,0,0,1,0,0,0,0,0,2,0,0,0,0,0,0,0,0,0,0,0,0,0,0,0,0,0,0,0,0,0,0,0,0,0,0,0,0,0,0,0,0,0,0,0
"0890 MB-MY Tph2 Glut-Sero_3",1,0,0,0,1,0,0,0,0,0,0,0,0,0,0,0,0,0,0,0,0,0,0,2,0,0,0,0,0,0,0,0,0,0,0,0,0,0,0,0,0,0,0,0,0,0,0,0,0,0,0,0,0,0,0,0,0,0,0,0,0,0,0,0,0,0,0,0,0,0,0,0,0,0,0,0
"0895 PB Lmx1a Glut_1",0,0,0,4,0,0,2,0,0,0,0,0,0,0,0,0,0,0,0,0,0,0,0,2,0,1,3,0,0,0,0,0,0,0,0,0,0,1,0,0,0,0,0,0,0,1,0,0,0,0,0,0,0,0,0,0,0,0,0,0,0,0,0,0,0,0,0,0,0,0,0,0,0,0,0,0
"0897 PB Lmx1a Glut_3",0,0,0,0,0,0,0,0,0,0,0,0,0,1,0,0,0,0,0,0,0,0,0,0,0,0,2,0,0,0,0,0,0,0,0,0,0,0,0,0,0,0,0,0,0,0,0,0,0,0,0,0,0,0,0,0,0,0,0,0,0,0,0,0,0,0,0,0,0,0,0,0,0,0,0,0
"0899 PB Lmx1a Glut_5",0,0,0,0,0,0,0,0,0,0,0,0,0,0,0,0,0,0,0,0,0,0,0,1,0,0,0,0,0,0,0,0,0,0,0,0,0,0,0,0,0,0,0,0,0,0,0,0,0,0,0,0,0,0,0,0,0,0,0,0,0,0,0,0,0,0,0,0,0,0,0,0,0,0,0,0
"0902 PSV Lmx1a Trpv6 Glut_1",0,0,0,0,0,0,0,0,0,0,0,0,1,0,0,0,0,0,0,0,0,0,0,0,0,0,1,0,0,0,0,0,0,0,0,0,0,1,0,0,0,0,0,0,0,0,0,0,0,0,0,0,0,0,0,0,0,0,0,0,0,0,0,0,0,0,0,0,0,0,0,0,0,0,0,0
"0903 PB-SUT Tlx3 Lhx2 Glut_1",1,0,0,0,0,0,0,0,0,0,0,0,0,0,0,0,0,0,0,0,0,0,0,0,0,0,0,0,0,0,0,0,0,0,0,0,0,0,0,0,0,0,0,0,0,0,0,0,0,0,0,0,0,0,0,0,0,0,0,0,0,0,0,0,0,0,0,3,0,0,0,0,0,0,0,0
"0904 PB Pax5 Glut_1",0,0,0,0,0,0,0,0,0,0,0,0,0,0,0,0,0,0,0,0,0,0,0,0,0,0,0,0,0,0,0,0,0,0,0,0,0,0,0,0,0,0,0,0,0,0,0,0,0,0,0,1,0,0,0,0,0,0,0,0,0,0,0,0,0,0,0,0,0,0,0,0,0,0,0,0
"0905 PB Pax5 Glut_2",1,0,0,0,0,0,0,0,0,0,0,0,0,0,0,0,0,0,1,0,0,0,0,0,0,0,0,0,0,0,0,0,0,0,0,0,0,0,0,0,0,0,0,0,0,0,0,0,0,0,0,0,0,0,0,0,0,0,0,0,0,0,0,0,0,0,0,0,0,0,0,0,0,0,0,0
"0906 LDT-PCG Vsx2 Lhx4 Glut_1",4,0,1,4,2,0,0,0,3,0,0,0,0,0,0,0,0,0,1,0,0,0,0,1,0,0,4,0,0,0,0,0,0,0,1,0,0,0,0,0,0,0,0,0,0,0,0,0,0,0,0,0,0,0,0,0,0,0,0,0,0,0,0,0,0,0,0,5,0,0,0,0,0,0,0,0
"0907 LDT-PCG Vsx2 Lhx4 Glut_2",6,0,1,3,0,0,1,0,1,0,0,1,1,0,0,0,0,1,3,0,0,0,0,4,0,2,2,1,0,2,1,0,0,0,7,0,0,0,0,0,2,1,0,0,0,1,0,0,0,0,0,0,0,0,0,0,0,0,0,0,0,0,0,0,0,0,0,1,0,0,0,0,0,0,0,0
"0910 LDT-PCG Vsx2 Lhx4 Glut_5",0,0,0,2,0,0,0,0,0,0,0,0,1,0,0,0,0,0,0,0,0,0,0,0,0,0,0,0,0,0,0,0,0,0,0,0,0,0,0,0,0,0,0,0,0,0,0,0,0,0,0,0,0,0,0,0,0,0,0,0,0,0,0,0,0,0,0,0,0,0,0,0,0,0,0,0
"0911 LDT-PCG Vsx2 Lhx4 Glut_6",1,0,0,0,0,0,0,0,0,0,0,0,0,0,0,0,0,0,1,0,0,1,0,1,0,0,0,0,0,0,0,0,0,0,0,0,0,0,0,0,0,0,0,0,0,1,0,0,0,0,0,0,0,0,0,0,0,0,0,0,0,0,0,0,0,0,0,1,0,0,0,0,0,0,0,0
"0912 LDT-PCG Vsx2 Lhx4 Glut_7",0,0,1,0,0,0,0,0,0,0,0,0,0,0,0,0,0,0,0,0,0,0,0,1,0,0,0,0,0,0,0,0,0,0,0,0,0,0,0,0,0,0,0,0,0,0,0,0,0,0,0,0,0,0,0,0,1,0,0,0,0,0,0,0,0,0,0,0,0,0,0,0,0,0,0,0
"0913 LDT-PCG Vsx2 Lhx4 Glut_8",3,0,0,1,0,0,1,0,0,0,0,0,0,0,0,0,0,0,1,0,0,1,0,2,0,0,0,0,0,0,0,0,0,0,0,0,0,0,0,0,0,0,0,0,0,0,0,0,0,0,0,0,0,0,0,0,0,0,0,0,0,0,0,0,0,0,0,1,0,0,0,0,0,0,0,0
"0914 PB Evx2 Glut_1",2,0,0,1,0,0,1,0,0,0,0,0,1,0,0,0,0,0,1,0,0,0,0,1,0,0,1,0,0,0,0,0,0,0,0,0,0,1,0,0,0,1,0,0,0,0,0,0,0,0,0,0,0,0,0,0,0,0,0,0,0,0,0,0,0,0,0,1,0,0,0,0,0,0,0,0
"0915 PB Evx2 Glut_2",0,0,0,0,0,0,0,0,0,0,0,0,0,0,0,0,0,0,0,0,0,0,0,0,0,1,0,0,0,0,0,0,0,0,0,0,0,0,0,0,0,0,0,0,0,0,0,0,0,0,0,0,0,0,0,0,0,0,0,0,0,0,0,0,0,0,0,0,0,0,0,0,0,0,0,0
"0917 PB Evx2 Glut_4",0,0,0,0,0,0,0,0,0,0,0,0,0,0,0,0,0,0,0,0,0,0,0,0,0,0,0,0,0,0,0,0,0,0,1,0,0,0,0,0,0,0,0,0,0,0,0,0,0,0,0,0,0,0,0,0,0,0,0,0,0,0,0,0,0,0,0,1,0,0,0,0,0,0,0,0
"0922 PB Evx2 Glut_9",1,0,0,0,0,0,1,0,0,0,0,0,2,0,0,0,0,1,0,0,0,1,0,0,0,0,0,0,0,0,1,0,0,0,1,0,0,2,0,0,0,0,0,0,0,1,0,0,0,1,0,0,1,0,0,0,0,0,0,0,0,0,0,0,0,0,0,1,0,0,0,0,0,0,0,0
"0926 PCG-PRNr Vsx2 Nkx6-1 Glut_2",3,0,6,12,2,0,2,0,0,0,0,0,5,1,0,0,0,2,0,0,0,0,0,2,0,0,2,0,0,0,2,1,1,0,0,0,0,0,0,0,1,0,0,0,0,0,0,0,0,0,0,0,2,0,0,0,0,0,0,3,0,0,0,0,0,0,0,6,0,0,0,0,0,0,0,0
"0927 PCG-PRNr Vsx2 Nkx6-1 Glut_3",2,0,0,1,0,0,0,0,0,0,0,1,1,0,0,0,0,0,0,0,0,0,0,2,0,0,3,0,0,0,0,0,0,0,1,0,0,0,0,0,0,0,0,0,0,2,0,0,0,0,0,0,0,0,0,0,0,0,0,0,0,0,0,0,0,0,0,0,0,0,0,0,0,0,0,0
"0929 PCG-PRNr Vsx2 Nkx6-1 Glut_5",0,0,0,0,0,0,1,0,0,0,0,0,0,0,0,0,0,0,0,0,0,0,0,0,0,0,0,0,0,0,0,0,0,0,0,0,0,0,0,0,0,0,0,0,0,0,0,0,0,0,0,0,0,0,0,0,0,0,0,0,0,0,0,0,0,0,0,0,0,0,0,0,0,0,0,0
"0930 PCG-PRNr Vsx2 Nkx6-1 Glut_6",1,0,0,1,0,0,1,0,0,0,0,0,0,3,0,0,0,0,0,0,0,0,0,1,0,0,1,0,0,0,2,0,0,0,0,0,0,0,0,0,0,0,0,0,0,0,0,0,0,0,0,0,0,0,0,0,0,0,0,2,0,0,0,0,0,0,0,0,0,0,0,0,0,0,0,0
"0931 PRNc-NI-SG-RPO Vsx2 Nr4a2 Glut_1",0,0,0,0,0,0,0,0,0,0,0,0,0,0,0,0,0,0,0,0,0,0,0,0,0,0,0,0,0,0,0,0,0,0,0,0,0,0,0,0,0,1,0,0,0,0,0,0,0,0,0,0,0,0,0,0,0,0,0,0,0,0,0,0,0,0,0,0,0,0,0,0,0,0,0,0
"0934 PRNc-NI-SG-RPO Vsx2 Nr4a2 Glut_4",0,1,0,0,0,0,0,0,0,0,0,0,0,0,0,0,0,0,0,0,0,0,0,0,0,0,0,0,0,0,0,0,0,0,0,0,0,0,0,0,0,0,0,0,0,0,0,0,0,0,0,0,0,0,0,0,0,0,0,0,0,0,0,0,0,0,0,0,0,0,0,0,0,0,0,0
"0935 PRNc-PARN Tlx1 Glut_1",0,0,0,0,0,0,0,0,0,0,0,0,0,0,0,0,0,0,0,0,0,0,0,0,0,0,0,0,0,0,0,0,0,0,0,0,0,0,0,0,0,0,0,0,0,1,0,0,0,0,0,0,0,0,0,0,0,0,0,0,0,0,0,0,0,0,0,0,0,0,0,0,0,0,0,0
"0936 PRNc-PARN Tlx1 Glut_2",0,0,0,1,0,0,0,0,0,0,0,0,0,0,0,0,0,0,0,0,0,1,0,0,0,0,0,0,0,0,0,0,0,0,0,0,0,0,0,0,0,0,0,0,0,0,0,0,0,0,0,0,0,0,0,0,0,0,0,0,0,0,0,0,0,0,0,0,0,0,0,0,0,0,0,0
"0938 PB-PSV Phox2b Glut_1",0,0,0,1,0,0,0,0,0,0,0,0,0,0,0,0,0,0,0,0,0,0,0,0,0,0,1,0,0,0,0,0,0,0,0,0,0,0,0,0,0,0,0,0,0,0,0,0,0,0,0,0,0,0,0,0,0,0,0,0,0,0,0,0,0,0,0,0,0,0,0,0,0,0,0,0
"0940 PSV Pvalb Lhx2 Glut_2",0,0,0,0,0,0,0,0,0,0,0,0,0,0,0,0,0,0,0,0,0,0,0,0,0,0,0,0,0,0,0,0,0,0,0,0,0,0,0,0,0,0,0,0,0,0,0,0,0,0,0,0,0,0,0,0,0,0,0,0,0,0,0,0,0,0,0,0,0,0,1,0,0,0,0,0
"0941 PSV Pvalb Lhx2 Glut_3",0,0,0,0,0,0,0,0,0,0,0,0,0,0,0,0,0,1,0,0,0,0,0,0,0,0,0,0,0,0,0,0,0,0,1,0,0,0,0,0,0,0,0,0,0,0,0,0,0,0,0,0,0,0,0,0,0,0,0,0,0,0,0,0,0,0,0,0,0,0,0,0,0,0,0,0
"0942 PSV Pvalb Lhx2 Glut_4",0,0,0,0,0,0,1,0,0,0,0,0,0,0,0,0,0,0,0,0,0,0,0,0,0,0,0,0,0,0,0,0,0,0,0,0,0,0,0,0,0,0,0,0,0,0,0,0,0,0,0,0,0,0,0,0,0,0,0,0,0,0,0,0,0,0,0,0,0,0,0,0,0,0,0,0
"0943 PB-NTS Phox2b Ebf3 Lmx1b Glut_1",1,0,0,0,0,0,0,0,1,0,0,0,1,0,0,0,0,0,0,0,0,0,0,0,0,1,2,1,0,0,2,0,0,0,0,0,0,0,0,0,0,0,0,0,0,1,0,0,0,0,0,0,0,0,0,0,0,0,0,0,0,0,0,0,0,0,0,1,0,0,0,0,0,0,0,0
"0945 PRNr Otp Nfib Glut_1",1,0,0,1,0,0,0,0,0,0,0,0,0,0,0,0,0,0,0,0,0,0,0,1,0,0,0,0,0,0,0,0,0,0,1,0,0,0,0,0,0,0,0,0,0,0,0,0,0,0,0,0,0,0,0,0,0,0,0,0,0,0,0,0,0,0,0,0,0,0,0,0,0,0,0,0
"0948 LDT Vsx2 Nkx6-1 Nfib Glut_1",0,0,0,0,0,0,0,0,0,0,0,0,1,0,0,0,0,0,0,0,0,0,0,0,0,0,0,0,0,0,0,0,0,0,0,0,0,0,0,0,0,0,0,0,0,0,0,0,0,0,0,0,0,0,0,0,0,0,0,0,0,0,0,0,0,0,0,0,0,0,0,0,0,0,0,0
"0949 LDT Vsx2 Nkx6-1 Nfib Glut_2",1,0,0,0,1,0,0,0,0,0,0,0,0,0,0,0,0,1,1,0,0,0,0,1,0,0,0,0,0,0,1,0,0,0,1,0,0,0,0,0,0,0,0,0,0,0,0,0,0,0,0,0,0,0,0,0,0,0,0,0,0,0,0,0,0,0,0,2,0,0,0,0,0,0,0,0
"0951 NLL-SOC Spp1 Glut_2",0,0,0,0,0,0,0,0,0,0,0,0,1,0,0,0,0,1,0,0,0,0,0,0,0,0,0,0,0,0,2,0,0,0,0,0,0,0,0,0,0,0,0,0,0,0,0,0,0,0,0,0,0,0,0,0,0,0,0,0,0,0,0,0,0,0,0,0,0,0,0,0,0,0,0,0
"0959 NTS Phox2b Glut_1",0,0,0,0,0,0,0,0,0,0,0,0,0,0,0,0,0,0,0,0,0,0,0,0,0,0,0,0,0,0,0,0,0,0,0,0,0,0,0,0,0,0,0,0,0,0,0,0,0,0,0,0,0,0,0,0,0,0,0,0,0,0,0,0,0,0,0,1,0,0,0,0,0,0,0,0
"0960 NTS Phox2b Glut_2",0,0,1,0,0,0,1,0,1,0,0,0,0,0,0,0,0,0,0,0,0,0,0,0,0,0,0,0,0,0,0,0,0,0,0,0,0,2,0,0,0,0,0,0,0,0,0,0,0,0,0,0,0,0,0,0,0,0,0,0,0,0,0,0,0,0,0,0,0,0,0,0,0,0,0,0
"0961 NTS Phox2b Glut_3",0,0,0,0,0,0,0,0,0,0,0,0,0,0,0,0,0,0,0,0,0,0,0,0,0,0,0,0,0,0,0,0,0,0,0,0,0,0,0,0,0,0,0,0,0,1,0,0,0,0,0,0,0,0,0,0,0,0,0,0,0,0,0,0,0,0,0,0,0,0,0,0,0,0,0,0
"0963 NTS Phox2b Glut_5",0,0,1,1,1,0,0,0,0,0,0,0,0,0,0,0,0,0,0,0,0,0,0,0,0,0,0,1,0,0,0,0,0,0,0,0,0,0,0,0,0,0,0,0,0,0,0,0,0,0,0,0,0,0,0,0,0,0,0,0,0,0,0,0,0,0,0,0,0,0,0,0,0,0,0,0
"0967 NTS Phox2b Glut_9",1,0,0,0,1,0,0,0,0,0,0,0,0,0,0,0,0,0,0,0,0,0,0,3,0,0,0,0,0,0,0,0,0,0,0,0,0,0,0,0,0,0,0,0,0,1,0,0,0,0,0,0,0,0,0,0,0,0,0,0,0,0,0,0,0,0,0,0,0,0,0,0,0,0,0,0
"0974 PGRN-PARN-MDRN Hoxb5 Glut_2",251,3,74,202,14,1,120,5,135,0,3,11,230,17,7,8,2,77,87,41,0,4,3,20,0,11,66,16,11,4,14,7,1,0,408,1,62,15,0,3,38,2,0,9,7,17,1,7,1,0,0,21,8,2,0,0,6,3,2,8,1,14,7,0,3,4,1,133,0,2,1,0,0,0,0,1
"0981 SPVI-SPVC Tlx3 Ebf3 Glut_1",0,0,0,0,0,0,0,0,0,0,0,0,0,0,0,0,0,0,0,0,0,0,0,0,0,0,0,0,0,0,0,0,0,0,0,0,0,0,0,0,0,0,0,0,0,1,0,0,0,0,0,0,0,0,0,0,0,0,0,0,0,0,0,0,0,0,0,0,0,0,0,0,0,0,0,0
"0982 SPVI-SPVC Tlx3 Ebf3 Glut_2",0,0,0,0,0,0,0,0,0,0,0,0,0,0,0,0,0,0,0,0,0,0,0,0,0,0,0,0,0,0,0,0,0,0,0,0,0,0,0,0,0,0,0,0,0,0,0,0,0,0,0,0,0,0,0,0,0,0,0,0,0,0,0,0,0,0,0,1,0,0,0,0,0,0,0,0
"0983 SPVI-SPVC Tlx3 Ebf3 Glut_3",0,0,0,0,0,0,0,0,0,0,0,0,0,0,0,0,0,0,0,0,0,0,0,0,0,0,0,0,0,0,0,0,0,0,0,0,0,0,0,0,0,0,1,0,0,0,0,0,0,0,0,0,0,0,0,0,0,0,0,0,0,0,0,0,0,0,0,0,0,0,0,0,0,0,0,0
"0986 SPVI-SPVC Tlx3 Ebf3 Glut_6",0,0,0,0,0,0,0,0,0,0,0,0,0,0,0,0,0,0,0,0,0,0,0,0,0,0,0,0,0,0,0,0,0,0,0,0,0,0,0,0,0,0,0,0,0,0,0,0,0,1,0,0,0,0,0,0,0,0,0,0,0,0,0,0,0,0,0,0,0,0,0,0,0,0,0,0
"0987 SPVI-SPVC Tlx3 Ebf3 Glut_7",0,0,1,0,0,0,0,0,0,0,0,0,0,0,0,0,0,0,0,0,0,0,0,0,0,0,0,0,0,0,0,0,0,0,0,0,0,0,0,0,0,0,0,0,0,0,0,0,0,0,0,0,0,0,0,0,0,0,0,0,0,0,0,0,0,0,0,0,0,0,0,0,0,0,0,0
"0988 CU-ECU-SPVI Foxb1 Glut_1",1,0,0,0,1,0,1,0,0,0,0,0,0,0,0,0,0,0,0,0,0,0,0,0,0,0,0,0,0,0,0,0,0,0,0,0,0,0,0,0,0,0,0,0,0,0,0,0,0,0,0,0,0,0,0,0,0,0,0,0,0,0,0,0,0,0,0,0,0,0,0,0,0,0,0,0
"0989 CU-ECU-SPVI Foxb1 Glut_2",0,0,0,1,0,0,0,0,0,0,0,0,0,0,0,0,0,0,0,0,0,0,0,0,0,0,0,0,0,0,0,0,0,0,0,0,0,0,0,0,0,0,0,0,0,0,0,0,0,0,0,0,0,0,0,0,0,0,0,0,0,0,0,0,0,0,0,0,0,0,0,0,0,0,0,0
"0991 CU-ECU-SPVI Foxb1 Glut_4",0,0,1,1,0,0,0,0,0,0,0,0,0,0,0,0,0,0,0,0,0,0,0,0,0,1,0,0,0,0,0,0,0,0,0,0,0,0,0,0,0,0,0,0,0,0,0,0,0,0,0,0,0,0,0,0,0,0,0,0,0,0,0,0,0,0,0,0,0,0,0,0,0,0,0,0
"0992 MV-SPIV Phox2b Ebf3 Lbx1 Glut_1",0,0,0,0,0,0,0,0,1,0,0,0,0,0,0,0,0,0,0,0,0,0,0,0,0,0,0,0,0,0,0,0,0,0,0,0,0,0,0,0,0,0,0,0,0,1,0,0,0,0,0,0,0,0,0,0,0,0,0,0,0,0,0,0,0,0,0,0,0,0,0,0,0,0,0,0
"0993 MV-SPIV Phox2b Ebf3 Lbx1 Glut_2",3,0,0,0,0,0,0,0,0,0,0,0,0,0,0,0,0,0,0,0,0,0,0,0,0,0,0,0,0,0,0,0,0,0,0,0,0,0,0,0,0,0,0,0,0,0,0,0,0,0,0,0,0,0,0,0,0,0,0,0,0,0,0,0,0,0,0,0,0,0,0,0,0,0,0,0
"0997 MV-SPIV Zic4 Neurod2 Glut_1",0,0,0,0,0,0,0,0,0,0,0,0,0,0,0,0,0,0,0,0,0,0,0,0,0,0,0,0,0,0,0,0,0,0,0,0,0,0,0,0,0,0,0,0,0,0,0,0,0,0,0,1,0,0,0,0,0,0,0,0,0,0,0,0,0,0,0,0,0,0,0,0,0,0,0,0
"0998 MV-SPIV Zic4 Neurod2 Glut_2",1,0,0,0,0,0,0,0,0,0,0,0,0,0,0,0,0,0,0,0,0,0,0,0,0,0,0,0,0,0,0,0,0,0,0,0,0,0,0,0,0,0,0,0,0,0,0,0,0,0,0,0,0,0,0,0,0,0,0,0,0,0,0,0,0,0,0,0,0,0,0,0,0,0,0,0
"1013 VCO Mafa Meis2 Glut_1",0,0,0,0,0,0,0,0,0,0,0,0,0,0,0,0,0,1,0,0,0,0,0,0,0,0,0,0,0,0,0,0,0,0,0,0,0,0,0,0,0,0,0,0,0,0,0,0,0,0,0,0,0,0,0,0,0,0,0,0,0,0,0,0,0,0,0,0,0,0,0,0,0,0,0,0
"1016 VCO Mafa Meis2 Glut_4",1,0,0,0,0,0,0,0,0,0,0,0,0,0,0,0,0,0,0,0,0,0,0,0,0,0,0,0,0,0,0,0,0,0,0,0,0,0,0,0,0,0,0,0,0,0,0,0,0,0,0,0,0,0,0,0,0,0,0,0,0,0,0,0,0,0,0,0,0,0,0,0,0,0,0,0
"1019 SPVC Mafa Glut_2",0,0,0,0,0,0,0,0,0,0,0,0,0,0,0,0,0,0,1,0,0,0,0,0,0,0,0,0,0,0,0,0,0,0,0,0,0,0,0,0,0,0,0,0,0,0,0,0,0,0,0,0,0,0,0,0,0,0,0,0,0,0,0,0,0,0,0,0,0,0,0,0,0,0,0,0
"1026 HB Calcb Chol_2",0,0,0,0,0,0,0,0,0,0,0,0,1,0,0,0,0,0,0,0,0,0,0,1,0,0,0,0,0,0,0,0,0,0,0,0,0,0,0,0,0,0,0,0,0,0,0,0,0,0,0,0,0,0,0,0,0,0,0,0,0,0,0,0,0,0,0,0,0,0,0,0,0,0,0,0
"1029 HB Calcb Chol_5",0,0,0,0,0,0,0,0,0,0,0,0,0,0,0,0,0,2,0,0,0,0,0,0,0,0,0,0,0,0,0,0,0,0,0,0,0,0,0,0,0,0,0,0,0,0,0,0,0,0,0,1,0,0,0,0,0,0,0,0,0,0,0,0,0,0,0,0,0,0,0,0,0,0,0,0
"1030 Pineal Crx Glut_1",0,0,0,0,0,0,0,0,0,0,0,0,0,0,0,0,0,0,0,0,0,0,0,1,0,0,0,0,0,0,0,0,0,0,0,0,0,0,0,0,0,0,0,0,0,0,0,0,0,0,0,0,0,0,0,0,0,0,0,0,0,0,0,0,0,0,0,0,0,0,0,0,0,0,0,0
"1031 CS-RPO Meis2 Gaba_1",7,0,0,2,0,0,3,0,1,0,0,0,3,1,0,0,0,3,0,0,0,0,0,0,0,0,0,0,0,0,1,0,0,0,1,0,0,0,0,1,1,0,0,0,0,0,0,0,0,0,0,0,0,0,0,0,0,0,0,3,0,0,0,0,0,0,0,2,0,0,0,0,0,0,0,0
"1032 CS-RPO Meis2 Gaba_2",2,0,0,0,0,0,0,0,0,0,0,0,0,0,0,0,0,0,0,0,0,0,0,0,0,1,0,0,0,0,0,0,0,0,0,0,0,0,0,1,0,0,0,0,0,0,0,0,0,0,0,0,0,0,0,0,0,0,0,0,0,0,0,0,0,0,0,0,0,0,0,0,0,0,0,0
"1034 CS-RPO Meis2 Gaba_4",0,0,0,0,0,0,1,0,1,0,0,0,0,1,0,0,0,1,0,0,0,0,0,0,0,0,0,0,0,0,0,0,0,0,0,0,0,0,0,0,0,0,0,0,0,0,0,0,0,0,0,0,0,0,0,0,0,0,0,0,0,0,0,0,0,1,0,0,0,0,0,0,0,0,0,0
"1036 PRNc Otp Gly-Gaba_1",3,0,1,0,0,0,0,0,0,0,0,0,0,0,0,0,0,0,0,0,0,1,0,3,0,0,0,0,0,0,0,0,0,0,0,0,0,0,0,0,0,0,0,0,0,1,0,0,0,0,0,0,0,0,0,0,0,0,0,0,0,0,0,0,0,0,0,0,0,0,0,0,0,0,0,0
"1037 PRNc Otp Gly-Gaba_2",5,0,0,0,0,0,1,0,0,0,0,1,3,0,1,0,0,0,0,1,0,0,0,6,0,0,1,0,0,0,0,1,0,0,3,0,0,0,0,1,0,0,0,0,0,1,0,0,0,1,0,0,1,0,0,0,0,0,0,3,0,0,0,0,0,0,0,2,0,0,0,0,0,0,0,0
"1038 PRNc Otp Gly-Gaba_3",3,0,3,2,0,0,2,0,1,0,1,1,4,6,0,0,0,1,1,1,0,2,0,5,0,0,0,0,0,0,0,0,0,0,3,0,0,1,0,0,0,0,1,0,0,0,0,0,0,0,0,0,0,1,0,0,0,0,0,0,0,0,0,0,0,0,0,3,0,0,0,0,0,0,0,0
"1039 PRNc Otp Gly-Gaba_4",1,0,1,0,1,0,0,0,0,0,0,0,0,1,0,0,0,0,0,0,0,2,0,1,0,0,0,0,0,0,0,0,0,0,2,0,0,0,0,0,0,0,0,0,0,0,0,0,0,0,0,0,0,0,0,0,0,0,0,0,0,0,0,0,0,0,0,0,0,0,0,0,0,0,0,0
"1040 PRNc Otp Gly-Gaba_5",1,0,0,0,0,0,0,0,0,0,0,0,0,0,0,0,0,0,0,0,0,0,0,0,0,0,0,0,0,0,0,0,0,0,0,0,0,0,0,0,0,0,0,0,0,0,0,0,0,0,0,0,0,0,0,0,0,0,0,0,0,0,0,0,0,0,0,0,0,0,0,0,0,0,0,0
"1043 PRNc Prox1 Brs3 Gly-Gaba_1",1,0,0,0,0,0,0,0,0,0,0,0,0,0,0,0,0,1,0,0,0,0,0,0,0,0,0,0,0,0,0,0,0,0,0,0,0,0,0,0,1,0,0,0,0,0,0,0,0,0,0,0,0,0,0,0,0,0,0,0,0,0,0,0,0,0,0,0,0,0,0,0,0,0,0,0
"1044 CS-PRNr-PCG Tmem163 Otp Gaba_1",27,0,3,8,7,0,3,0,3,0,1,4,27,2,0,0,0,1,2,1,0,4,0,7,0,1,2,0,0,3,2,2,1,0,3,1,0,1,0,1,0,1,1,2,1,9,0,0,0,0,0,0,1,0,0,0,1,0,0,1,0,1,0,1,0,1,0,4,0,0,0,0,0,0,0,0
"1045 CS-PRNr-PCG Tmem163 Otp Gaba_2",0,0,0,1,0,0,0,0,0,0,0,0,2,0,0,0,0,0,0,0,0,0,0,0,0,0,0,0,0,0,0,0,0,0,0,0,0,0,0,0,0,0,0,0,0,0,0,0,0,0,0,0,0,0,0,0,0,0,0,0,0,0,0,0,0,0,0,0,0,0,0,0,0,0,0,0
"1047 CS-PRNr-DR En1 Sox2 Gaba_1",5,0,0,1,0,0,0,0,0,0,0,2,2,1,0,0,0,0,0,0,0,0,0,0,0,0,0,0,0,0,1,0,0,0,0,0,0,0,0,0,0,0,0,0,0,3,0,0,0,0,0,0,0,0,0,0,0,0,0,0,0,0,0,0,0,0,0,0,0,0,0,0,0,0,0,0
"1048 CS-PRNr-DR En1 Sox2 Gaba_2",11,0,4,0,2,0,4,0,0,0,0,2,5,1,0,0,0,2,1,0,0,1,0,6,0,1,0,0,0,0,0,1,3,0,1,0,0,1,0,0,1,1,0,0,0,6,1,0,0,0,0,0,0,0,0,0,2,0,0,0,1,0,0,0,0,0,0,0,0,0,0,0,0,0,0,0
"1050 LDT-DTN Gata3 Nfix Gaba_1",0,0,0,1,0,0,0,0,0,0,0,0,0,0,0,0,0,0,0,0,0,0,0,0,0,0,0,0,0,0,0,0,0,0,0,0,0,0,0,0,0,0,0,0,0,0,0,0,0,0,0,0,0,0,0,0,0,0,0,0,0,0,0,0,0,0,0,0,0,0,0,0,0,0,0,0
"1051 LDT-DTN Gata3 Nfix Gaba_2",0,0,0,0,1,0,0,0,0,0,0,0,0,0,0,0,0,0,1,0,0,2,0,0,0,0,0,0,0,0,0,0,0,0,1,0,0,0,0,0,0,0,0,0,0,0,0,0,0,0,0,0,0,0,0,0,0,0,0,0,0,0,0,0,0,0,0,0,0,0,0,0,0,0,0,0
"1052 NI-RPO Gata3 Nr4a2 Gaba_1",15,0,3,1,2,0,4,0,1,0,0,1,4,0,0,0,0,2,1,0,0,4,0,5,0,1,1,0,0,0,1,0,0,0,7,0,1,1,0,0,5,3,0,0,1,4,0,0,0,0,0,0,0,0,0,0,0,0,0,0,0,0,0,0,0,0,0,1,0,0,0,0,0,0,0,0
"1053 NI-RPO Gata3 Nr4a2 Gaba_2",2,0,0,0,0,0,0,0,0,0,0,0,0,0,0,0,0,0,0,0,0,0,0,2,0,0,0,0,0,0,0,0,0,0,1,0,0,0,0,0,0,0,0,0,0,0,0,0,0,0,0,0,0,0,0,0,0,1,0,1,0,0,0,0,1,0,0,0,0,0,0,0,0,0,0,0
"1054 NI-RPO Gata3 Nr4a2 Gaba_3",1,0,0,0,0,0,0,0,0,0,0,0,0,0,0,0,0,0,0,0,0,0,0,0,0,0,0,0,0,0,0,0,0,0,0,0,0,0,0,0,0,0,0,0,0,0,0,0,0,0,0,0,0,0,0,0,0,0,0,0,0,0,0,0,0,0,0,0,0,0,0,0,0,0,0,0
"1055 NI-RPO Gata3 Nr4a2 Gaba_4",0,0,0,0,0,0,0,0,0,0,0,0,0,0,0,0,0,0,0,1,0,0,0,0,0,0,0,0,0,0,0,0,0,0,0,0,0,0,0,0,0,0,1,0,0,0,0,0,0,0,0,0,1,0,0,0,0,0,0,0,0,0,0,0,0,0,0,0,0,0,0,0,0,0,0,0
"1056 LDT-PCG-CS Gata3 Lhx1 Gaba_1",5,0,1,1,0,0,0,0,1,0,0,0,2,1,0,0,0,0,3,0,0,2,0,2,0,0,0,0,0,0,0,0,1,0,1,0,0,0,0,0,0,0,0,0,0,1,0,0,0,0,0,0,0,0,0,1,0,0,0,0,0,0,0,0,0,0,0,0,0,0,0,0,0,0,0,0
"1057 LDT-PCG-CS Gata3 Lhx1 Gaba_2",0,0,0,0,0,0,0,0,0,0,0,0,0,0,0,0,0,0,0,0,0,0,0,2,0,0,0,0,0,0,0,0,0,0,0,0,0,0,0,0,0,0,0,0,0,0,0,0,0,0,0,0,0,0,0,0,0,0,0,0,0,0,0,0,0,0,0,0,0,0,0,0,0,0,0,0
"1059 LDT-PCG-CS Gata3 Lhx1 Gaba_4",1,0,1,0,0,0,0,0,0,0,0,0,0,0,0,0,0,0,0,0,0,0,0,0,0,0,0,0,0,0,0,0,0,0,0,0,0,0,0,0,0,0,0,0,0,0,0,0,0,0,0,0,0,0,0,0,0,0,0,0,0,0,0,0,0,0,0,0,0,0,0,0,0,0,0,0
"1060 LDT-PCG-CS Gata3 Lhx1 Gaba_5",4,0,0,0,0,0,0,0,2,0,0,0,1,0,0,0,1,0,0,0,0,0,0,2,0,1,0,0,1,1,0,0,0,0,1,0,0,0,0,0,3,0,1,0,0,0,0,0,0,0,0,0,0,0,0,0,1,0,0,0,0,1,0,0,0,0,0,1,0,0,0,0,0,0,0,0
"1061 PDTg-PCG Pax6 Gaba_1",0,0,0,0,0,0,0,0,0,0,0,0,0,0,0,0,0,0,0,0,0,2,0,0,0,0,0,0,0,0,0,0,0,0,0,0,0,0,0,0,0,0,0,0,0,0,0,0,0,0,0,0,0,0,0,0,0,0,0,0,1,0,0,0,0,0,0,0,0,0,0,0,0,0,0,0
"1063 PDTg-PCG Pax6 Gaba_3",0,0,0,0,0,0,0,0,0,0,0,0,0,0,0,0,0,0,0,0,0,0,0,0,0,0,0,0,0,0,0,0,1,0,0,0,0,0,0,0,0,0,0,0,0,0,0,0,0,0,0,0,0,0,0,0,0,0,0,0,0,0,0,0,0,0,0,0,0,0,0,0,0,0,0,0
"1064 PDTg-PCG Pax6 Gaba_4",0,0,0,0,0,0,0,0,0,0,0,0,0,0,0,0,0,0,0,0,0,0,0,1,0,0,0,0,0,0,0,0,0,0,0,0,0,0,0,0,0,0,0,0,0,0,0,0,0,0,0,0,0,0,0,0,0,0,0,0,0,0,0,0,0,0,0,0,0,0,0,0,0,0,0,0
"1065 PDTg Otp Shroom3 Gaba_1",1,0,0,0,0,0,0,0,0,0,0,0,0,0,0,0,0,1,0,0,0,0,0,1,0,1,0,0,0,0,1,0,0,0,0,0,0,0,0,0,0,0,2,0,0,0,0,0,0,0,0,0,0,0,0,0,0,0,0,0,0,0,0,0,0,0,0,0,0,0,0,0,0,0,0,0
"1067 LDT-PCG St18 Gaba_1",2,1,0,0,0,0,0,0,0,0,0,0,0,1,0,0,0,0,1,0,0,0,0,0,0,0,1,0,0,0,0,0,0,0,0,0,0,0,0,0,0,0,0,0,0,1,0,0,0,0,0,0,0,0,0,0,0,0,0,0,0,0,0,0,0,0,0,1,0,0,0,0,0,0,0,0
"1068 LDT-PCG St18 Gaba_2",1,0,0,0,0,0,0,0,0,0,0,0,1,0,0,0,0,0,0,0,0,0,0,0,0,0,0,0,0,0,0,0,0,0,0,0,0,0,0,0,0,0,0,0,0,0,0,0,0,0,0,0,0,0,0,0,0,0,0,0,0,0,0,0,0,0,0,0,0,0,0,0,0,0,0,0
"1069 DTN-LDT-IPN Otp Pax3 Gaba_1",1,0,0,0,0,0,0,0,0,0,0,0,0,0,0,0,0,0,0,0,0,0,0,0,0,0,0,0,0,0,0,0,0,0,0,0,0,0,0,0,0,0,0,0,0,0,0,0,0,0,0,0,0,0,0,0,0,0,0,0,0,0,0,0,0,0,0,0,0,0,0,0,0,0,0,0
"1070 DTN-LDT-IPN Otp Pax3 Gaba_2",1,0,0,0,0,0,0,0,0,0,0,0,0,0,0,0,0,0,0,0,0,0,0,0,0,0,0,0,0,0,0,0,0,0,0,0,0,0,0,0,0,0,0,0,0,0,0,0,0,0,0,0,0,0,0,0,0,0,0,0,0,0,0,0,0,0,0,0,0,0,0,0,0,0,0,0
"1071 DTN-LDT-IPN Otp Pax3 Gaba_3",1,0,0,0,0,0,0,0,0,0,0,0,1,0,0,0,0,0,0,0,0,0,0,0,0,0,0,0,0,0,0,0,0,0,0,0,0,0,0,0,0,0,1,0,0,0,0,0,0,0,0,0,0,0,0,1,0,0,0,0,0,0,0,0,0,0,0,0,0,0,0,0,0,0,0,1
"1072 DTN-LDT-IPN Otp Pax3 Gaba_4",6,0,0,0,0,0,1,0,0,0,0,0,2,0,0,0,0,1,0,0,0,0,0,2,0,1,0,0,0,0,0,0,0,0,0,0,1,0,0,0,1,0,0,0,0,0,0,0,0,0,0,0,0,0,0,0,0,0,0,0,0,0,0,0,0,0,0,0,0,0,0,0,0,0,0,0
"1074 NLL Gata3 Gly-Gaba_1",28,3,7,1,2,1,0,1,6,0,0,2,4,3,1,1,0,6,4,0,0,3,0,9,0,2,0,0,1,2,1,0,0,0,12,0,0,1,0,1,3,1,0,0,0,6,0,1,1,0,0,0,0,0,0,0,1,0,0,0,0,0,0,0,0,1,0,2,0,0,0,0,0,0,0,0
"1076 NLL Gata3 Gly-Gaba_3",13,0,2,1,0,1,1,0,2,0,1,0,13,3,0,0,0,5,1,2,0,1,0,2,0,1,1,0,0,0,1,1,0,0,9,2,2,0,0,1,3,0,0,3,0,2,0,0,0,0,0,0,0,0,0,0,1,0,0,0,0,1,0,0,0,0,0,4,0,0,0,0,0,0,0,0
"1077 NLL Gata3 Gly-Gaba_4",1,0,0,1,0,0,0,0,0,0,0,0,3,0,0,0,0,0,0,0,0,0,0,0,0,0,0,0,0,0,0,0,0,0,0,0,0,0,0,0,0,0,0,0,0,0,0,0,0,0,0,0,0,0,0,0,0,0,0,0,0,0,0,0,0,0,0,0,0,0,0,0,0,0,0,0
"1078 PSV Pax2 Gly-Gaba_1",0,0,0,0,0,0,0,0,1,0,0,0,0,0,0,0,0,1,0,0,0,0,0,0,0,0,0,0,0,0,0,0,0,0,0,0,0,0,0,0,0,0,0,0,0,0,0,0,0,0,0,0,0,0,0,0,0,0,0,0,0,0,0,0,0,1,0,0,0,0,0,0,0,0,0,0
"1080 NLL-po Pax7 Gaba_1",1,0,0,2,0,0,0,0,0,0,0,0,6,1,0,0,0,1,0,0,0,0,0,0,0,0,0,0,0,0,1,0,0,0,1,0,0,0,0,0,0,0,0,0,0,0,0,0,0,0,0,0,0,0,0,0,0,0,0,1,0,1,0,0,0,0,0,1,0,0,0,0,0,0,0,0
"1083 PRP Otp Gly-Gaba_1",0,0,0,0,0,0,0,0,0,0,0,0,0,0,0,0,0,0,0,0,0,0,0,0,0,0,0,0,0,0,0,0,0,0,1,0,0,0,0,0,0,0,0,0,0,0,0,0,0,0,0,0,0,0,0,0,0,0,0,0,0,0,0,0,0,0,0,0,0,0,0,0,0,0,0,0
"1085 PRP Otp Gly-Gaba_3",0,0,0,0,0,0,0,0,0,0,0,0,0,0,0,0,0,0,1,0,0,0,0,0,0,0,0,0,0,0,0,0,0,0,0,0,0,0,0,0,0,0,0,0,0,0,0,0,0,0,0,0,0,0,0,0,0,0,0,0,0,0,0,0,0,0,0,1,0,0,0,0,0,0,0,0
"1088 GRN-IRN-MDRNd Ikzf1 Gly-Gaba_1",0,0,0,0,0,0,0,0,0,0,0,0,0,0,0,0,0,0,0,0,0,0,0,0,0,0,0,0,0,0,0,0,0,0,0,0,0,0,0,0,0,0,0,0,0,1,0,0,0,0,0,0,0,0,0,0,0,0,0,0,0,0,0,0,0,0,0,0,0,0,0,0,0,0,0,0
"1089 MY Lhx1 Gly-Gaba_1",8,0,1,1,1,0,0,0,0,0,0,0,9,1,0,0,0,1,2,0,0,1,0,2,0,0,0,1,0,0,0,0,0,0,1,0,0,0,0,0,1,0,0,0,0,2,0,1,0,0,0,1,0,0,0,0,0,0,0,1,0,0,0,0,0,0,1,0,0,0,0,0,0,0,0,0
"1090 MY Lhx1 Gly-Gaba_2",0,0,0,0,0,0,0,0,0,0,0,0,0,1,0,0,0,0,0,0,0,0,0,0,0,0,0,0,0,0,0,0,0,0,0,0,0,0,0,0,0,0,0,0,0,0,0,0,0,0,0,0,0,0,0,0,0,0,0,0,0,0,0,0,0,0,0,0,0,0,0,0,0,0,0,0
"1091 MY Lhx1 Gly-Gaba_3",8,0,1,0,0,2,0,0,6,0,0,0,0,0,2,0,0,1,0,0,0,0,0,3,0,0,0,0,1,0,0,0,0,0,0,0,0,0,0,1,0,0,0,0,0,1,0,0,0,0,0,0,0,0,0,0,0,0,0,0,0,0,0,0,0,1,0,1,0,0,0,0,0,0,0,0
"1093 MY Lhx1 Gly-Gaba_5",0,1,0,0,0,0,1,0,0,0,0,0,0,1,0,0,0,0,0,0,0,0,0,1,0,0,0,0,0,0,0,0,0,0,1,0,0,0,0,0,0,0,0,0,0,0,0,0,0,0,0,0,0,0,0,0,0,0,0,0,0,0,0,0,0,0,0,1,0,0,0,0,0,0,0,0
"1094 MY Lhx1 Gly-Gaba_6",1,0,0,0,0,0,0,0,0,0,0,0,3,1,0,0,0,0,0,0,0,0,0,0,0,0,0,0,0,0,0,0,0,0,2,0,0,0,0,0,0,0,0,1,0,0,0,0,0,0,1,0,0,0,0,0,0,0,0,0,1,0,0,0,0,0,0,0,0,0,0,0,0,0,0,0
"1095 MY Lhx1 Gly-Gaba_7",0,0,0,0,0,0,0,0,0,0,0,0,0,0,0,0,0,0,0,0,0,0,0,0,0,0,0,0,0,0,0,0,0,0,0,0,0,0,0,0,0,0,0,0,0,0,0,0,0,0,0,0,0,0,0,1,0,0,0,0,0,0,0,0,0,0,0,0,0,0,0,0,0,0,0,0
"1099 MV-SPIV-PRP Dmbx1 Gly-Gaba_1",1,0,0,0,0,0,0,0,0,0,0,0,0,0,0,0,0,0,0,0,0,0,0,0,0,0,0,0,0,0,0,0,0,0,0,0,0,0,0,0,0,0,0,0,0,0,0,0,0,0,0,0,0,0,0,0,0,0,0,0,0,0,0,0,0,0,0,0,0,0,0,0,0,0,0,0
"1101 MV-SPIV-PRP Dmbx1 Gly-Gaba_3",0,0,0,0,0,0,0,0,0,0,0,0,1,0,0,0,0,0,0,0,0,0,0,0,0,0,0,0,0,0,0,0,0,0,0,0,0,0,0,0,0,0,0,0,0,0,0,0,0,0,0,0,0,0,0,0,0,0,0,0,0,0,0,0,0,0,0,0,0,0,0,0,0,0,0,0
"1103 MDRNd Prox1 Pax6 Gly-Gaba_1",3,0,0,0,0,0,0,0,1,0,0,0,1,1,0,0,0,1,0,0,0,0,0,0,0,0,0,0,0,0,0,0,0,0,1,0,0,0,0,0,1,0,0,0,0,0,0,0,0,0,0,0,0,0,0,0,0,0,0,0,0,0,0,0,0,0,0,1,0,0,0,0,0,0,0,0
"1113 MV Pax6 Gly-Gaba_1",0,0,0,0,0,0,0,0,0,0,0,0,0,0,0,0,0,0,0,0,0,0,0,0,0,0,0,0,0,0,0,0,0,0,0,0,0,0,0,0,1,0,0,0,0,0,0,0,0,0,0,0,0,0,0,0,0,0,0,0,0,0,0,0,0,0,0,0,0,0,0,0,0,0,0,0
"1116 RPA Pax6 Hoxb5 Gly-Gaba_1",1,0,0,0,0,0,0,0,0,0,0,0,0,0,0,0,0,0,0,0,0,0,0,0,0,0,0,0,0,0,0,0,0,0,0,0,0,0,0,0,0,0,1,0,0,0,0,0,0,0,0,0,0,0,0,0,0,0,0,0,0,0,0,0,0,0,0,0,0,0,0,0,0,0,0,0
"1120 PARN-MDRNd-NTS Gbx2 Gly-Gaba_1",0,0,0,0,0,0,0,0,0,0,0,0,0,0,0,0,0,0,0,0,0,0,0,1,0,0,0,0,0,0,0,0,0,0,1,0,0,0,0,0,0,0,0,0,0,0,0,0,0,0,0,0,0,0,0,0,0,0,0,0,0,0,0,0,0,0,0,1,0,0,0,0,0,0,0,0
"1121 PARN-MDRNd-NTS Gbx2 Gly-Gaba_2",3,0,0,0,0,1,0,0,1,0,0,1,0,0,0,0,0,0,1,0,0,0,0,1,0,0,0,0,0,0,0,0,0,0,0,0,0,0,0,0,0,0,0,0,0,0,0,0,0,0,0,0,0,0,0,1,0,0,0,0,0,0,0,0,0,0,0,0,0,0,0,0,0,0,0,0
"1122 PARN-MDRNd-NTS Gbx2 Gly-Gaba_3",0,0,1,0,0,0,0,0,0,0,0,0,0,0,0,0,0,0,1,0,0,1,0,1,0,0,0,0,0,0,0,0,0,0,1,0,0,1,0,0,0,0,0,0,0,0,0,0,0,0,0,0,0,0,0,0,0,0,0,0,0,0,0,0,0,0,0,0,0,0,0,0,0,0,0,0
"1123 PARN-MDRNd-NTS Gbx2 Gly-Gaba_4",0,0,0,0,0,0,0,0,0,0,0,0,0,0,0,0,0,0,0,0,0,0,0,0,0,0,0,0,0,0,0,1,0,0,0,0,0,0,0,0,0,0,0,0,0,0,0,0,0,0,0,0,0,0,0,0,0,0,0,0,0,0,0,0,0,0,0,0,0,0,0,0,0,0,0,0
"1125 PARN-MDRNd-NTS Gbx2 Gly-Gaba_6",1,0,0,0,0,0,0,0,0,0,0,0,0,0,0,0,0,0,0,0,0,0,0,1,0,0,0,0,0,0,0,0,0,0,0,0,0,0,0,0,0,0,0,0,0,0,0,0,0,0,0,0,0,0,0,0,0,0,0,0,0,0,0,0,0,0,0,0,0,0,0,0,0,0,0,0
"1131 NTS-PARN Neurod2 Gly-Gaba_2",0,0,0,0,0,0,0,0,0,0,0,0,0,0,0,0,0,0,0,0,0,0,0,0,0,0,0,0,0,0,0,0,0,0,1,0,0,0,0,0,0,0,0,0,0,0,0,0,0,0,0,0,0,0,0,1,0,0,0,0,0,0,0,0,0,0,0,0,0,0,0,0,0,0,0,0
"1132 NTS-PARN Neurod2 Gly-Gaba_3",1,0,0,0,0,0,0,0,1,0,0,0,1,0,0,0,0,0,0,0,0,0,0,0,0,0,0,0,0,0,0,0,0,0,0,0,0,1,0,0,0,0,1,0,0,0,0,0,0,0,0,0,0,0,0,0,0,0,0,0,0,1,0,0,0,0,0,0,0,0,0,0,0,0,0,0
"1133 NTS-PARN Neurod2 Gly-Gaba_4",0,0,0,0,0,0,1,0,0,0,0,0,0,1,0,0,0,0,0,0,0,0,0,0,0,0,0,0,0,0,0,0,0,0,0,0,0,0,0,0,0,0,0,0,0,0,0,0,0,0,0,0,0,0,0,0,0,0,0,0,0,0,0,0,0,0,0,0,0,0,0,0,0,0,0,0
"1135 NTS-PARN Neurod2 Gly-Gaba_6",1,0,0,0,0,0,0,0,0,0,0,0,0,0,0,0,0,0,0,0,0,0,0,0,0,0,0,0,0,0,0,0,0,0,0,0,0,0,0,0,0,0,0,0,0,0,0,0,0,0,0,0,0,0,0,0,0,0,0,0,0,0,0,0,0,0,0,0,0,0,0,0,0,0,0,0
"1136 SPVI-SPVC Sall3 Nfib Gly-Gaba_1",2,0,0,0,0,0,0,0,0,0,0,0,0,0,0,0,0,0,0,0,0,0,1,0,0,0,0,0,0,0,0,0,0,0,0,0,0,0,0,0,0,0,0,0,0,0,0,0,0,0,0,0,0,0,0,0,0,0,0,0,0,0,0,0,0,0,0,0,0,0,0,0,0,0,0,0
"1146 CB PLI Gly-Gaba_3",1,0,0,0,1,1,0,0,2,0,0,1,0,1,0,0,0,1,0,1,0,0,0,2,0,0,0,0,0,0,0,0,0,0,1,0,0,0,0,0,1,0,0,0,0,2,0,0,0,0,0,0,0,0,0,0,0,0,0,0,0,0,0,0,0,0,0,0,0,0,0,0,0,0,1,0
"1154 CB Granule Glut_1",1,0,1,0,1,1,0,0,0,0,0,0,0,0,1,0,0,1,2,0,0,0,0,0,0,0,0,0,0,0,0,0,0,0,2,0,0,0,0,0,0,0,0,0,0,0,0,0,0,0,0,0,0,0,0,0,0,0,0,0,0,0,0,0,0,0,0,0,0,0,0,0,0,0,0,0
"1156 DCO UBC Glut_1",0,0,0,0,0,0,0,0,0,0,0,0,0,0,0,0,0,0,0,0,0,0,0,0,0,0,0,0,0,0,0,0,0,0,0,0,0,0,0,0,0,0,0,0,0,0,0,0,0,0,0,0,0,0,0,0,0,0,0,0,0,0,0,0,0,1,0,0,0,0,0,0,0,0,0,0
"1158 Astro-CB NN_1",0,0,0,0,0,0,0,0,0,0,0,0,0,0,0,0,0,1,0,0,0,0,0,0,0,0,0,0,0,0,0,0,0,0,0,0,0,0,0,0,0,0,0,0,0,0,0,0,0,0,0,0,0,0,0,0,0,0,0,0,0,0,0,0,0,0,0,0,0,0,0,0,0,0,0,0
"1159 Astro-NT NN_1",0,0,0,0,0,0,0,0,0,0,0,0,0,0,0,0,0,0,0,0,0,0,0,0,0,0,0,0,0,0,0,0,0,0,0,0,0,0,0,0,0,0,0,0,0,1,0,0,0,0,0,0,0,0,0,0,0,0,0,0,0,0,0,0,0,0,0,0,0,0,0,0,0,0,0,0
"1160 Astro-NT NN_2",2,0,0,0,0,0,0,0,0,0,0,1,0,0,0,0,0,120,2,0,0,0,0,1,0,0,0,0,0,0,0,0,0,0,0,0,0,0,0,0,1,0,0,0,0,0,0,2,0,0,0,0,0,0,0,0,0,0,0,0,0,0,0,0,0,0,0,0,0,0,0,0,0,0,0,0
"1161 Astro-TE NN_1",0,0,0,0,0,0,0,0,0,0,0,0,0,0,0,0,0,2,0,0,0,0,0,0,0,0,0,0,0,0,0,0,0,0,0,0,0,0,0,0,0,0,0,0,0,0,0,0,0,0,0,0,0,0,0,0,0,0,0,0,0,0,0,0,0,0,0,0,0,0,0,0,0,0,0,0
"1163 Astro-TE NN_3",0,0,0,0,0,0,0,0,0,0,0,0,0,0,0,0,0,26,2,0,0,0,0,0,0,0,0,0,0,0,0,0,0,0,0,0,0,0,0,0,0,0,0,0,0,0,0,0,0,0,0,0,0,0,0,0,0,0,0,0,0,0,0,0,0,0,0,0,0,0,0,0,0,0,0,0
"1165 Astro-TE NN_5",0,0,0,0,0,1,0,0,0,0,0,0,0,0,0,0,0,0,0,0,0,0,0,0,0,0,0,0,0,0,0,0,0,0,0,0,0,0,0,0,0,0,0,0,0,0,0,0,0,0,0,0,0,0,0,0,0,0,0,0,0,0,0,0,0,0,0,0,0,0,0,0,0,0,0,0
"1166 Astro-OLF NN_1",0,0,0,0,0,0,0,0,0,0,0,0,0,0,0,0,0,4,0,0,0,0,0,0,0,0,0,0,0,0,0,0,0,0,0,0,0,0,0,0,0,0,0,0,0,1,0,0,0,0,0,0,0,0,0,0,0,0,0,0,0,0,0,0,0,0,0,0,0,0,0,0,0,0,0,0
"1168 Astro-OLF NN_3",0,0,0,0,0,0,0,0,0,0,0,0,0,0,0,0,0,0,0,0,0,0,0,0,0,0,0,0,0,0,0,0,0,0,0,0,0,0,0,0,0,0,0,0,0,1,1,0,0,0,0,0,0,0,0,0,0,0,0,0,0,0,0,0,0,0,0,0,0,0,0,0,0,0,0,0
"1171 Astroependymal NN_3",0,0,0,0,0,0,0,0,0,0,0,0,0,0,0,0,0,1,0,0,0,0,0,0,0,0,0,0,0,0,0,0,0,0,0,0,0,0,0,0,0,0,0,0,0,0,0,0,0,0,0,0,0,0,0,0,0,0,0,0,0,0,0,0,0,0,0,0,0,0,0,0,0,0,0,0
"1173 Tanycyte NN_2",2,0,0,0,0,0,0,0,0,0,1,0,0,1,0,0,0,3,0,0,0,0,0,2,0,0,0,0,0,0,0,0,0,0,0,1,0,0,0,0,0,0,0,0,0,2,0,0,0,0,0,0,0,0,0,0,0,0,0,0,0,0,0,0,0,0,0,0,0,0,0,0,0,0,0,0
"1174 Tanycyte NN_3",0,0,0,0,0,0,0,0,0,0,0,0,0,0,0,0,0,0,1,0,0,0,0,0,0,0,0,0,0,0,0,0,0,0,0,0,0,0,0,0,0,0,0,0,0,0,0,0,0,0,0,0,0,0,0,0,0,0,0,0,0,0,0,0,0,0,0,0,0,0,0,0,0,0,0,0
"1178 CHOR NN_1",0,0,0,0,0,0,0,0,0,0,0,0,0,0,0,0,0,0,0,0,0,0,0,1,0,0,0,0,0,0,0,0,0,0,0,0,0,0,0,0,0,0,0,0,0,0,0,0,0,0,0,0,0,0,0,0,0,0,0,0,0,0,0,0,0,0,0,0,0,0,0,0,0,0,0,0
"1179 OPC NN_1",16,0,0,0,0,0,0,0,1,0,1,0,1,0,0,1,0,13,17,1,0,1,0,2,0,0,0,0,0,0,0,0,1,0,27,0,4,0,0,0,136,0,1,0,2,0,0,4,1,0,0,0,1,0,0,1,0,0,0,0,0,0,0,0,0,2,3,0,0,0,0,0,0,0,0,0
"1182 NFOL NN_2",358,0,0,1,0,0,0,0,56,0,10,0,0,0,0,1,0,23,59,5,0,1,0,1,0,0,0,1,0,0,1,0,0,0,9,1,5,0,0,0,7,0,4,1,1,1,0,1,0,0,0,0,0,0,0,0,0,0,0,0,7,1,0,0,0,21,0,0,0,0,0,19,0,0,0,0
"1183 MFOL NN_3",0,0,0,0,0,0,0,0,0,0,0,0,0,0,0,0,0,0,0,0,0,0,0,0,0,0,0,0,0,0,0,0,0,0,0,0,0,0,0,0,0,0,0,0,0,0,0,0,0,0,0,0,0,0,0,0,0,0,0,0,0,0,0,0,0,0,0,0,0,0,0,1,0,0,0,0
"1184 MOL NN_4",25,0,0,0,0,0,0,0,0,0,0,0,0,0,0,0,0,0,0,0,0,0,0,0,0,0,0,0,0,0,0,0,0,0,0,0,0,0,0,0,0,0,0,0,0,0,0,0,0,0,0,0,0,0,0,0,0,0,0,0,0,0,0,0,0,0,0,0,0,0,0,0,0,0,0,0
"1186 ABC NN_1",1,0,0,0,0,0,0,0,0,0,0,0,0,0,0,0,0,0,0,0,0,0,0,0,0,0,0,0,0,0,0,0,0,0,0,0,0,0,0,0,0,0,0,0,0,0,0,0,0,0,0,0,0,0,0,0,0,0,0,0,0,0,0,0,0,0,0,0,0,0,0,0,0,0,0,0
"1192 SMC NN_1",0,0,0,0,0,0,0,0,0,0,0,0,0,0,0,0,0,0,0,0,0,0,0,0,0,0,0,0,0,0,0,0,0,0,0,0,0,0,0,0,0,0,0,0,0,1,0,0,0,0,0,0,0,0,0,0,0,0,0,0,0,0,0,0,0,0,0,0,0,0,0,0,0,0,0,0
"1194 Microglia NN_1",0,0,0,0,0,1,0,0,0,0,0,0,0,0,0,0,0,0,2,0,0,0,0,0,0,0,0,0,0,0,0,0,0,0,0,0,0,0,0,0,0,0,0,0,0,0,1,0,0,0,0,0,0,0,0,0,0,0,0,0,0,0,0,0,0,0,0,0,0,0,0,0,0,0,0,0
