"Analysis","Slope","Intercept","p_value","r_squared"
"All_Neurons",0.685351931382172,13.5370721210217,0.369468730533087,0.0449599211402614
