,gene,baseMean,log2FoldChange,lfcSE,stat,pvalue,padj
1,Tox,124.174921238564,-0.314895485395051,0.0638801026628969,-4.92947682092486,8.24501167887953e-07,0.0201359675221596
