,gene,baseMean,log2FoldChange,lfcSE,stat,pvalue,padj
1,Xist,17.5703105719459,-7.22315892178425,1.36652685103474,-5.28577899242508,1.25170941937709e-07,0.00276039478255229
