,gene,baseMean,log2FoldChange,lfcSE,stat,pvalue,padj
1,Xist,7.12342746903116,-6.16963068599551,1.29732254722742,-4.755664425305,1.97794795108089e-06,0.0372684952942661
