,gene,baseMean,log2FoldChange,lfcSE,stat,pvalue,padj
1,Xist,36.1617716664442,-7.81299450550013,1.44669271833554,-5.40059019201342,6.64220059503899e-08,0.00154869549073929
