,gene,baseMean,log2FoldChange,lfcSE,stat,pvalue,padj
1,Xist,41.146882526762,-7.26255762301646,1.36219186724279,-5.33152325869969,9.73923443016914e-08,0.00244484001900536
