,gene,baseMean,log2FoldChange,lfcSE,stat,pvalue,padj
1,Nxph1,3.31288435059748,5.69445147086059,1.2613927069829,4.51441604136198,6.34914684375848e-06,0.0605073694210183
