,gene,baseMean,log2FoldChange,lfcSE,stat,pvalue,padj
1,Xist,18.2878041547124,-7.11972460186297,1.40283224600694,-5.07525017487211,3.86986500405466e-07,0.00885812099428112
