,gene,baseMean,log2FoldChange,lfcSE,stat,pvalue,padj
1,Trnp1,1.788224042154,3.64750105058333,0.777593592453119,4.6907550241976,2.72198720452881e-06,0.0482989409571592
