,gene,baseMean,log2FoldChange,lfcSE,stat,pvalue,padj
1,Xist,25.7216223600673,-7.80239545992929,1.44473329897823,-5.40057840810303,6.6426369556867e-08,0.00141614377258285
