,gene,baseMean,log2FoldChange,lfcSE,stat,pvalue,padj
1,Xist,28.8164144173146,-7.39368490947346,1.47279261819314,-5.02018058628257,5.1622924898134e-07,0.0121757830664739
