,gene,baseMean,log2FoldChange,lfcSE,stat,pvalue,padj
1,Xist,28.6869415014934,-7.89710738805685,1.51161648651335,-5.22427974192851,1.74834297930825e-07,0.00422819266115907
