,gene,baseMean,log2FoldChange,lfcSE,stat,pvalue,padj
1,Tbc1d5,43.2164579469463,-0.460375397407598,0.0983727871201852,-4.67990600739148,2.87006464674075e-06,0.0746991725607216
