,gene,baseMean,log2FoldChange,lfcSE,stat,pvalue,padj
1,Slc25a3,33.3119883753884,0.505516814112081,0.105446048299539,4.79408021698514,1.63422877428437e-06,0.0487441416505799
