,gene,baseMean,log2FoldChange,lfcSE,stat,pvalue,padj
1,Xist,1.20578686694344,3.92068434952629,0.781635058026696,5.01600370820673,5.27573107296561e-07,0.00726362654125905
