,gene,baseMean,log2FoldChange,lfcSE,stat,pvalue,padj
1,Xist,28.3878505958011,-7.64192203006085,1.38652582070904,-5.51156128210647,3.55664550054321e-08,0.000813689357614276
