,gene,baseMean,log2FoldChange,lfcSE,stat,pvalue,padj
1,Xist,35.0621277187832,-6.48143691206457,1.32949186513483,-4.87512340769926,1.08740454665117e-06,0.0253745850961051
