,gene,baseMean,log2FoldChange,lfcSE,stat,pvalue,padj
1,Megf11,2.96667177122322,2.9405696014265,0.577233931068777,5.09424246073319,3.50138437378877e-07,0.00593204540607294
