,gene,baseMean,log2FoldChange,lfcSE,stat,pvalue,padj
1,Xist,16.0566880302939,-7.36249649021291,1.31280864061955,-5.60820233993762,2.04438933879086e-08,0.000467265627274039
