,gene,baseMean,log2FoldChange,lfcSE,stat,pvalue,padj
1,Xist,13.3169154057148,-6.56220663983722,1.41356013206155,-4.64232577801048,3.44509098824921e-06,0.0703694285259783
