,gene,baseMean,log2FoldChange,lfcSE,stat,pvalue,padj
1,Xist,13.0561926369388,-6.82517729640438,1.4473306507498,-4.71570010133381,2.40881022422762e-06,0.048108757798274
