,gene,baseMean,log2FoldChange,lfcSE,stat,pvalue,padj
1,Xist,42.664454320364,-7.0874989548705,1.42148461373041,-4.98598358815207,6.16473776750608e-07,0.0155413039118828
