"Analysis","Slope","Intercept","p_value","r_squared"
"All_Neurons",0.335883851493038,35.1742729589949,0.728869375661159,0.0035797975278995
