,gene,baseMean,log2FoldChange,lfcSE,stat,pvalue,padj
1,Kcnh8,5.46862548696204,1.6639425992947,0.335514582628301,4.95937489887912,7.07203722381573e-07,0.015559189096117
