,gene,baseMean,log2FoldChange,lfcSE,stat,pvalue,padj
1,Megf11,4.74127025600349,2.40566632589979,0.524500444333046,4.5865858683091,4.50553142839684e-06,0.0729400482943164
