,gene,baseMean,log2FoldChange,lfcSE,stat,pvalue,padj
1,Thrb,82.6249266192057,-0.34877651449472,0.0706061874139703,-4.93974433784128,7.82250667366122e-07,0.020780488978581
