,gene,baseMean,log2FoldChange,lfcSE,stat,pvalue,padj
1,Opcml,154.990735501096,-0.459144817582271,0.0980669446502753,-4.68195291715945,2.84154755076914e-06,0.0651794177195426
