"Analysis","Slope","Intercept","p_value","r_squared"
"All_Neurons",0.335152149206234,35.2170894709063,0.729064522047842,0.00357444484380299
