"Analysis","Slope","Intercept","p_value","r_squared"
"All_Neurons",0.267676614374079,26.5405033047622,0.68233154386988,0.00498732428909028
