,gene,baseMean,log2FoldChange,lfcSE,stat,pvalue,padj
1,Ralyl,350.696543816284,-0.235729068440474,0.0486103834751813,-4.8493562812733,1.23862773623678e-06,0.0324161264850527
